symbol,provider,time,time_utc,articleId,headline
UAVS,DJ-N,2026-01-02 20:05:00.0,2026-01-02T20:05:00+00:00,DJ-N$1d23d667,AgEagle Aerial Systems Climbs After U.S. Army Buys Drones
UAVS,DJ-RT,2026-01-02 20:05:00.0,2026-01-02T20:05:00+00:00,DJ-RT$1d23d667,AgEagle Aerial Systems Climbs After U.S. Army Buys Drones
UAVS,DJ-RTG,2026-01-02 20:05:00.0,2026-01-02T20:05:00+00:00,DJ-RTG$1d23d667,AgEagle Aerial Systems Climbs After U.S. Army Buys Drones
SOC,DJ-N,2026-01-02 18:54:00.0,2026-01-02T18:54:00+00:00,DJ-N$1d23cb3b,Sable Offshore Stock Surges 29% as Ruling Brings California Pipeline Closer to Restart -- Barrons.com
SOC,DJ-RT,2026-01-02 18:54:00.0,2026-01-02T18:54:00+00:00,DJ-RT$1d23cb3b,Sable Offshore Stock Surges 29% as Ruling Brings California Pipeline Closer to Restart -- Barrons.com
SOC,DJ-RTG,2026-01-02 18:54:00.0,2026-01-02T18:54:00+00:00,DJ-RTG$1d23cb3b,Sable Offshore Stock Surges 29% as Ruling Brings California Pipeline Closer to Restart -- Barrons.com
IRWD,DJ-N,2026-01-02 17:21:00.0,2026-01-02T17:21:00+00:00,DJ-N$1d23b998,Ironwood Pharmaceuticals Stock Soars as Drug-Price Cut Boosts Prospects for 2026 -- Barrons.com
IRWD,DJ-RT,2026-01-02 17:21:00.0,2026-01-02T17:21:00+00:00,DJ-RT$1d23b998,Ironwood Pharmaceuticals Stock Soars as Drug-Price Cut Boosts Prospects for 2026 -- Barrons.com
IRWD,DJ-RTA,2026-01-02 17:21:00.0,2026-01-02T17:21:00+00:00,DJ-RTA$1d23b998,Ironwood Pharmaceuticals Stock Soars as Drug-Price Cut Boosts Prospects for 2026 -- Barrons.com
IRWD,DJ-RTE,2026-01-02 17:21:00.0,2026-01-02T17:21:00+00:00,DJ-RTE$1d23b998,Ironwood Pharmaceuticals Stock Soars as Drug-Price Cut Boosts Prospects for 2026 -- Barrons.com
IRWD,DJ-RTG,2026-01-02 17:21:00.0,2026-01-02T17:21:00+00:00,DJ-RTG$1d23b998,Ironwood Pharmaceuticals Stock Soars as Drug-Price Cut Boosts Prospects for 2026 -- Barrons.com
SOC,FLY,2026-01-02 17:00:05.0,2026-01-02T17:00:05+00:00,FLY$1d23b4c9,"Midday Fly By: Tesla reports deliveries, Trump delays furniture tariff hike"
IRWD,FLY,2026-01-02 17:00:05.0,2026-01-02T17:00:05+00:00,FLY$1d23b4c9,"Midday Fly By: Tesla reports deliveries, Trump delays furniture tariff hike"
LVRO,DJ-N,2026-01-02 16:14:00.0,2026-01-02T16:14:00+00:00,DJ-N$1d239455,Lavoro Ltd. (LVRO) Resumed Trading
LVRO,DJ-N,2026-01-02 16:09:00.0,2026-01-02T16:09:00+00:00,DJ-N$1d238eb8,Lavoro Ltd. (LVRO) Paused due to volatility
IRWD,DJ-N,2026-01-02 15:54:00.0,2026-01-02T15:54:00+00:00,DJ-N$1d237ecd,"Ironwood Pharmaceuticals Up Over 39%, on Track for Record Percent Increase -- Data Talk"
IRWD,DJ-RT,2026-01-02 15:54:00.0,2026-01-02T15:54:00+00:00,DJ-RT$1d237ecd,"Ironwood Pharmaceuticals Up Over 39%, on Track for Record Percent Increase -- Data Talk"
IRWD,DJ-RTG,2026-01-02 15:54:00.0,2026-01-02T15:54:00+00:00,DJ-RTG$1d237ecd,"Ironwood Pharmaceuticals Up Over 39%, on Track for Record Percent Increase -- Data Talk"
IRWD,BRFG,2026-01-02 15:51:44.0,2026-01-02T15:51:44+00:00,BRFG$1d23b6bc,Ironwood Pharma Soars To A New 52-Wk High On Upside FY26 Guide
LVRO,DJ-N,2026-01-02 15:48:00.0,2026-01-02T15:48:00+00:00,DJ-N$1d2378a4,Lavoro Ltd. (LVRO) Resumed Trading
LVRO,DJ-N,2026-01-02 15:43:00.0,2026-01-02T15:43:00+00:00,DJ-N$1d23737e,Lavoro Ltd. (LVRO) Paused due to volatility
SOC,DJ-N,2026-01-02 15:42:00.0,2026-01-02T15:42:00+00:00,DJ-N$1d2372bb,Sable Offshore Stock Surges as Ruling Brings California Pipeline Closer to Restart -- Barrons.com
SOC,DJ-RT,2026-01-02 15:42:00.0,2026-01-02T15:42:00+00:00,DJ-RT$1d2372bb,Sable Offshore Stock Surges as Ruling Brings California Pipeline Closer to Restart -- Barrons.com
SOC,DJ-RTG,2026-01-02 15:42:00.0,2026-01-02T15:42:00+00:00,DJ-RTG$1d2372bb,Sable Offshore Stock Surges as Ruling Brings California Pipeline Closer to Restart -- Barrons.com
LVRO,DJ-N,2026-01-02 15:38:00.0,2026-01-02T15:38:00+00:00,DJ-N$1d236e50,Lavoro Ltd. (LVRO) Resumed Trading
LVRO,DJ-N,2026-01-02 15:33:00.0,2026-01-02T15:33:00+00:00,DJ-N$1d236942,Lavoro Ltd. (LVRO) Paused due to volatility
LVRO,DJ-N,2026-01-02 15:15:00.0,2026-01-02T15:15:00+00:00,DJ-N$1d2356b3,Lavoro Ltd. (LVRO) Resumed Trading
LVRO,DJ-N,2026-01-02 15:10:00.0,2026-01-02T15:10:00+00:00,DJ-N$1d23513c,Lavoro Ltd. (LVRO) Paused due to volatility
SOC,DJ-N,2026-01-02 15:01:00.0,2026-01-02T15:01:00+00:00,DJ-N$1d23497d,Sable Seen Nearing Production Relaunch After Court Ruling -- Market Talk
SOC,DJ-RT,2026-01-02 15:01:00.0,2026-01-02T15:01:00+00:00,DJ-RT$1d23497d,Sable Seen Nearing Production Relaunch After Court Ruling -- Market Talk
SOC,DJ-RTG,2026-01-02 15:01:00.0,2026-01-02T15:01:00+00:00,DJ-RTG$1d23497d,Sable Seen Nearing Production Relaunch After Court Ruling -- Market Talk
LVRO,DJ-N,2026-01-02 14:58:00.0,2026-01-02T14:58:00+00:00,DJ-N$1d2347b1,Lavoro Ltd. (LVRO) Resumed Trading
LVRO,DJ-N,2026-01-02 14:53:00.0,2026-01-02T14:53:00+00:00,DJ-N$1d23469d,Lavoro Ltd. (LVRO) Paused due to volatility
LVRO,DJ-N,2026-01-02 14:51:00.0,2026-01-02T14:51:00+00:00,DJ-N$1d234681,Lavoro Ltd. (LVRO) Resumed Trading
LVRO,DJ-N,2026-01-02 14:46:00.0,2026-01-02T14:46:00+00:00,DJ-N$1d234542,Lavoro Ltd. (LVRO) Paused due to volatility
LVRO,DJ-N,2026-01-02 14:43:00.0,2026-01-02T14:43:00+00:00,DJ-N$1d234433,Lavoro Ltd. (LVRO) Resumed Trading
SOC,FLY,2026-01-02 14:40:00.0,2026-01-02T14:40:00+00:00,FLY$1d23438c,!Unusually active option classes on open January 2nd
LVRO,DJ-N,2026-01-02 14:38:00.0,2026-01-02T14:38:00+00:00,DJ-N$1d234264,Lavoro Ltd. (LVRO) Paused due to volatility
SOC,DJ-N,2026-01-02 14:36:00.0,2026-01-02T14:36:00+00:00,DJ-N$1d23419a,Sable Offshore Stock Surges After Court Ruling Brings California Pipeline Closer to Restart -- Barrons.com
SOC,DJ-RT,2026-01-02 14:36:00.0,2026-01-02T14:36:00+00:00,DJ-RT$1d23419a,Sable Offshore Stock Surges After Court Ruling Brings California Pipeline Closer to Restart -- Barrons.com
SOC,DJ-RTG,2026-01-02 14:36:00.0,2026-01-02T14:36:00+00:00,DJ-RTG$1d23419a,Sable Offshore Stock Surges After Court Ruling Brings California Pipeline Closer to Restart -- Barrons.com
LVRO,DJ-N,2026-01-02 14:35:00.0,2026-01-02T14:35:00+00:00,DJ-N$1d234173,Lavoro Ltd. (LVRO) Resumed Trading
LVRO,DJ-N,2026-01-02 14:30:00.0,2026-01-02T14:30:00+00:00,DJ-N$1d233fef,Lavoro Ltd. (LVRO) Paused due to volatility
SOC,DJ-N,2026-01-02 14:18:00.0,2026-01-02T14:18:00+00:00,DJ-N$1d2339bc,Sable Offshore Price Target Maintained With a $20.00/Share by Benchmark
SOC,DJ-RT,2026-01-02 14:18:00.0,2026-01-02T14:18:00+00:00,DJ-RT$1d2339bc,Sable Offshore Price Target Maintained With a $20.00/Share by Benchmark
SOC,DJ-RTG,2026-01-02 14:18:00.0,2026-01-02T14:18:00+00:00,DJ-RTG$1d2339bc,Sable Offshore Price Target Maintained With a $20.00/Share by Benchmark
IRWD,FLY,2026-01-02 13:55:00.0,2026-01-02T13:55:00+00:00,FLY$1d23271f,Morning Movers: Baidu jumps following proposed spinoff of Kunlunxin
DVLT,FLY,2026-01-02 13:46:35.0,2026-01-02T13:46:35+00:00,FLY$1d2325a9,"!Datavault appoints Kasowitz LLP to bolster IP, litigation capabilities"
GPUS,DJ-N,2026-01-02 13:44:00.0,2026-01-02T13:44:00+00:00,DJ-N$1d2324fe,Substantial Insider Purchases: Morning Report
PRZO,FLY,2026-01-02 13:43:25.0,2026-01-02T13:43:25+00:00,FLY$1d2324f0,!ParaZero receives DefendAir purchase order from Israeli defense entity
PRZO,DJ-N,2026-01-02 13:42:00.0,2026-01-02T13:42:00+00:00,DJ-N$1d23249f,ParaZero Technologies Has Received Its First Purchase Order From a Main Israeli Defense Entity for its Advanced DefendAir Counter-Unmanned Aerial Systems >PRZO
PRZO,DJ-N,2026-01-02 13:42:00.0,2026-01-02T13:42:00+00:00,DJ-N$1d23246b,Press Release: ParaZero Secures First Order from Israeli Defense Entity for DefendAir Counter-UAS Systems
PRZO,DJ-N,2026-01-02 13:42:00.0,2026-01-02T13:42:00+00:00,DJ-N$1d23246d,Press Release: ParaZero Secures First Order from Israeli Defense Entity for DefendAir Counter-UAS Systems
CLPS,FLY,2026-01-02 13:35:20.0,2026-01-02T13:35:20+00:00,FLY$1d232361,!CLPS issues letter to shareholders
PLRZ,DJ-N,2026-01-02 13:30:00.0,2026-01-02T13:30:00+00:00,DJ-N$1d2321cf,"Press Release: As Flu Surge Continues, Polyrizon's Nasal Spray Emerges as Potential Extra Shield Solution for Both Vaccinated and Unvaccinated"
PLRZ,DJ-N,2026-01-02 13:30:00.0,2026-01-02T13:30:00+00:00,DJ-N$1d23218c,"Press Release: As Flu Surge Continues, Polyrizon's Nasal Spray Emerges as Potential Extra Shield Solution for Both Vaccinated and Unvaccinated"
CLPS,DJ-N,2026-01-02 13:30:00.0,2026-01-02T13:30:00+00:00,DJ-N$1d2321c8,Press Release: CLPS Incorporation Announces -2-
CLPS,DJ-N,2026-01-02 13:30:00.0,2026-01-02T13:30:00+00:00,DJ-N$1d2321c1,Press Release: CLPS Incorporation Announces Chairman's Letter to the Company's Shareholders
CLPS,DJ-RT,2026-01-02 13:30:00.0,2026-01-02T13:30:00+00:00,DJ-RT$1d2321c8,Press Release: CLPS Incorporation Announces -2-
CLPS,DJ-RT,2026-01-02 13:30:00.0,2026-01-02T13:30:00+00:00,DJ-RT$1d2321c1,Press Release: CLPS Incorporation Announces Chairman's Letter to the Company's Shareholders
CLPS,DJ-RTA,2026-01-02 13:30:00.0,2026-01-02T13:30:00+00:00,DJ-RTA$1d2321c8,Press Release: CLPS Incorporation Announces -2-
CLPS,DJ-RTA,2026-01-02 13:30:00.0,2026-01-02T13:30:00+00:00,DJ-RTA$1d2321c1,Press Release: CLPS Incorporation Announces Chairman's Letter to the Company's Shareholders
CLPS,DJ-RTA,2026-01-02 13:30:00.0,2026-01-02T13:30:00+00:00,DJ-RTA$1d232191,CLPS Incorporation Announces Chairman's Letter to -2-
CLPS,DJ-RTA,2026-01-02 13:30:00.0,2026-01-02T13:30:00+00:00,DJ-RTA$1d23218e,CLPS Incorporation Announces Chairman's Letter to the Company's Shareholders
CLPS,DJ-RTG,2026-01-02 13:30:00.0,2026-01-02T13:30:00+00:00,DJ-RTG$1d2321c8,Press Release: CLPS Incorporation Announces -2-
CLPS,DJ-RTG,2026-01-02 13:30:00.0,2026-01-02T13:30:00+00:00,DJ-RTG$1d2321c1,Press Release: CLPS Incorporation Announces Chairman's Letter to the Company's Shareholders
CLPS,DJ-RTG,2026-01-02 13:30:00.0,2026-01-02T13:30:00+00:00,DJ-RTG$1d232191,CLPS Incorporation Announces Chairman's Letter to -2-
CLPS,DJ-RTG,2026-01-02 13:30:00.0,2026-01-02T13:30:00+00:00,DJ-RTG$1d23218e,CLPS Incorporation Announces Chairman's Letter to the Company's Shareholders
UAVS,FLY,2026-01-02 13:04:30.0,2026-01-02T13:04:30+00:00,FLY$1d231cc0,"!EagleNXT announces drone, sensor sale to U.S. Army"
UAVS,DJ-N,2026-01-02 13:02:00.0,2026-01-02T13:02:00+00:00,DJ-N$1d231a65,EagleNXT Announces Successful Drone and Sensor Sale to U.S. Army
UAVS,DJ-N,2026-01-02 13:00:00.0,2026-01-02T13:00:00+00:00,DJ-N$1d2318e2,Press Release: EagleNXT Announces Successful Drone and Sensor Sale to U.S. Army
UAVS,DJ-N,2026-01-02 13:00:00.0,2026-01-02T13:00:00+00:00,DJ-N$1d231872,Press Release: EagleNXT Announces Successful Drone and Sensor Sale to U.S. Army
GPUS,DJ-N,2026-01-02 12:50:00.0,2026-01-02T12:50:00+00:00,DJ-N$1d2315a4,"Chmn Ault III Buys 1,608,800 Of Hyperscale Data Inc >GPUS"
IRWD,DJ-N,2026-01-02 12:42:00.0,2026-01-02T12:42:00+00:00,DJ-N$1d2312f2,"Ironwood Pharma Forecasts Higher Rev, Adj Ebitda in 2026"
IRWD,DJ-RT,2026-01-02 12:42:00.0,2026-01-02T12:42:00+00:00,DJ-RT$1d2312f2,"Ironwood Pharma Forecasts Higher Rev, Adj Ebitda in 2026"
IRWD,DJ-RTG,2026-01-02 12:42:00.0,2026-01-02T12:42:00+00:00,DJ-RTG$1d2312f2,"Ironwood Pharma Forecasts Higher Rev, Adj Ebitda in 2026"
SOC,FLY,2026-01-02 12:29:00.0,2026-01-02T12:29:00+00:00,FLY$1d230cf6,"!Sable Offshore closer to restart than ever, says Benchmark"
IRWD,FLY,2026-01-02 12:18:50.0,2026-01-02T12:18:50+00:00,FLY$1d230937,"Ironwood sees FY26 revenue $450M-$475M, consensus $319.47M"
IRWD,FLY,2026-01-02 12:16:10.0,2026-01-02T12:16:10+00:00,FLY$1d23084f,"Ironwood backs FY25 revenue view $290M-$310M, consensus $306.97M"
IRWD,DJ-N,2026-01-02 12:10:00.0,2026-01-02T12:10:00+00:00,DJ-N$1d230659,Ironwood Pharmaceuticals Sees FY26 LINZESS U.S. Net Sales of $1.125B to $1.175B Driven by Improved Net Price and Low-Single Digit Percentage Demand Growth >IRWD
IRWD,DJ-RT,2026-01-02 12:10:00.0,2026-01-02T12:10:00+00:00,DJ-RT$1d230659,Ironwood Pharmaceuticals Sees FY26 LINZESS U.S. Net Sales of $1.125B to $1.175B Driven by Improved Net Price and Low-Single Digit Percentage Demand Growth >IRWD
IRWD,DJ-RTG,2026-01-02 12:10:00.0,2026-01-02T12:10:00+00:00,DJ-RTG$1d230659,Ironwood Pharmaceuticals Sees FY26 LINZESS U.S. Net Sales of $1.125B to $1.175B Driven by Improved Net Price and Low-Single Digit Percentage Demand Growth >IRWD
IRWD,DJ-N,2026-01-02 12:09:00.0,2026-01-02T12:09:00+00:00,DJ-N$1d230600,Ironwood Pharmaceuticals Sees FY25 LINZESS U.S. Net Sales of $860M to $890M >IRWD
IRWD,DJ-RT,2026-01-02 12:09:00.0,2026-01-02T12:09:00+00:00,DJ-RT$1d230600,Ironwood Pharmaceuticals Sees FY25 LINZESS U.S. Net Sales of $860M to $890M >IRWD
IRWD,DJ-RTG,2026-01-02 12:09:00.0,2026-01-02T12:09:00+00:00,DJ-RTG$1d230600,Ironwood Pharmaceuticals Sees FY25 LINZESS U.S. Net Sales of $860M to $890M >IRWD
IRWD,DJ-N,2026-01-02 12:08:00.0,2026-01-02T12:08:00+00:00,DJ-N$1d2305a8,Ironwood Pharmaceuticals Sees FY26 Adjusted EBITDA More Than $300M >IRWD
IRWD,DJ-N,2026-01-02 12:08:00.0,2026-01-02T12:08:00+00:00,DJ-N$1d23059a,Ironwood Pharmaceuticals Sees FY25 Adjusted EBITDA More Than $135M >IRWD
IRWD,DJ-RT,2026-01-02 12:08:00.0,2026-01-02T12:08:00+00:00,DJ-RT$1d2305a8,Ironwood Pharmaceuticals Sees FY26 Adjusted EBITDA More Than $300M >IRWD
IRWD,DJ-RT,2026-01-02 12:08:00.0,2026-01-02T12:08:00+00:00,DJ-RT$1d23059a,Ironwood Pharmaceuticals Sees FY25 Adjusted EBITDA More Than $135M >IRWD
IRWD,DJ-RTG,2026-01-02 12:08:00.0,2026-01-02T12:08:00+00:00,DJ-RTG$1d2305a8,Ironwood Pharmaceuticals Sees FY26 Adjusted EBITDA More Than $300M >IRWD
IRWD,DJ-RTG,2026-01-02 12:08:00.0,2026-01-02T12:08:00+00:00,DJ-RTG$1d23059a,Ironwood Pharmaceuticals Sees FY25 Adjusted EBITDA More Than $135M >IRWD
IRWD,DJ-N,2026-01-02 12:06:00.0,2026-01-02T12:06:00+00:00,DJ-N$1d230533,Ironwood Pharmaceuticals Sees FY26 Rev $450M-$475M >IRWD
IRWD,DJ-N,2026-01-02 12:06:00.0,2026-01-02T12:06:00+00:00,DJ-N$1d230502,Ironwood Pharmaceuticals Sees FY25 Rev $290M-$310M >IRWD
IRWD,DJ-N,2026-01-02 12:06:00.0,2026-01-02T12:06:00+00:00,DJ-N$1d2304d5,Ironwood Pharmaceuticals Files 8K - Operations And Financial Condition >IRWD
IRWD,DJ-RT,2026-01-02 12:06:00.0,2026-01-02T12:06:00+00:00,DJ-RT$1d230533,Ironwood Pharmaceuticals Sees FY26 Rev $450M-$475M >IRWD
IRWD,DJ-RT,2026-01-02 12:06:00.0,2026-01-02T12:06:00+00:00,DJ-RT$1d230502,Ironwood Pharmaceuticals Sees FY25 Rev $290M-$310M >IRWD
IRWD,DJ-RTG,2026-01-02 12:06:00.0,2026-01-02T12:06:00+00:00,DJ-RTG$1d230533,Ironwood Pharmaceuticals Sees FY26 Rev $450M-$475M >IRWD
IRWD,DJ-RTG,2026-01-02 12:06:00.0,2026-01-02T12:06:00+00:00,DJ-RTG$1d230502,Ironwood Pharmaceuticals Sees FY25 Rev $290M-$310M >IRWD
IRWD,DJ-N,2026-01-02 12:05:00.0,2026-01-02T12:05:00+00:00,DJ-N$1d230481,Press Release: Ironwood Pharmaceuticals Maintains -2-
IRWD,DJ-N,2026-01-02 12:05:00.0,2026-01-02T12:05:00+00:00,DJ-N$1d230480,Press Release: Ironwood Pharmaceuticals Maintains FY 2025 Financial Guidance and Announces FY 2026 Financial Guidance
CHOW,DJ-N,2026-01-01 11:04:00.0,2026-01-01T11:04:00+00:00,DJ-N$1d21f7c2,Press Release: ChowChow Cloud International -3-
CHOW,DJ-N,2026-01-01 11:04:00.0,2026-01-01T11:04:00+00:00,DJ-N$1d21f7c1,Press Release: ChowChow Cloud International -2-
CHOW,DJ-N,2026-01-01 11:04:00.0,2026-01-01T11:04:00+00:00,DJ-N$1d21f7c0,Press Release: ChowChow Cloud International Holdings Limited Announces First Half 2025 Unaudited Financial Results
CHOW,DJ-RT,2026-01-01 11:04:00.0,2026-01-01T11:04:00+00:00,DJ-RT$1d21f7c2,Press Release: ChowChow Cloud International -3-
CHOW,DJ-RT,2026-01-01 11:04:00.0,2026-01-01T11:04:00+00:00,DJ-RT$1d21f7c1,Press Release: ChowChow Cloud International -2-
CHOW,DJ-RT,2026-01-01 11:04:00.0,2026-01-01T11:04:00+00:00,DJ-RT$1d21f7c0,Press Release: ChowChow Cloud International Holdings Limited Announces First Half 2025 Unaudited Financial Results
CHOW,DJ-RTA,2026-01-01 11:04:00.0,2026-01-01T11:04:00+00:00,DJ-RTA$1d21f7c2,Press Release: ChowChow Cloud International -3-
CHOW,DJ-RTA,2026-01-01 11:04:00.0,2026-01-01T11:04:00+00:00,DJ-RTA$1d21f7c1,Press Release: ChowChow Cloud International -2-
CHOW,DJ-RTA,2026-01-01 11:04:00.0,2026-01-01T11:04:00+00:00,DJ-RTA$1d21f7c0,Press Release: ChowChow Cloud International Holdings Limited Announces First Half 2025 Unaudited Financial Results
CHOW,DJ-RTA,2026-01-01 11:04:00.0,2026-01-01T11:04:00+00:00,DJ-RTA$1d21f7bc,ChowChow Cloud International Holdings Limited -3-
CHOW,DJ-RTA,2026-01-01 11:04:00.0,2026-01-01T11:04:00+00:00,DJ-RTA$1d21f7bb,ChowChow Cloud International Holdings Limited -2-
CHOW,DJ-RTA,2026-01-01 11:04:00.0,2026-01-01T11:04:00+00:00,DJ-RTA$1d21f7ba,ChowChow Cloud International Holdings Limited Announces First Half 2025 Unaudited Financial Results
CHOW,DJ-RTG,2026-01-01 11:04:00.0,2026-01-01T11:04:00+00:00,DJ-RTG$1d21f7c2,Press Release: ChowChow Cloud International -3-
CHOW,DJ-RTG,2026-01-01 11:04:00.0,2026-01-01T11:04:00+00:00,DJ-RTG$1d21f7c1,Press Release: ChowChow Cloud International -2-
CHOW,DJ-RTG,2026-01-01 11:04:00.0,2026-01-01T11:04:00+00:00,DJ-RTG$1d21f7c0,Press Release: ChowChow Cloud International Holdings Limited Announces First Half 2025 Unaudited Financial Results
CHOW,DJ-RTG,2026-01-01 11:04:00.0,2026-01-01T11:04:00+00:00,DJ-RTG$1d21f7bc,ChowChow Cloud International Holdings Limited -3-
CHOW,DJ-RTG,2026-01-01 11:04:00.0,2026-01-01T11:04:00+00:00,DJ-RTG$1d21f7bb,ChowChow Cloud International Holdings Limited -2-
CHOW,DJ-RTG,2026-01-01 11:04:00.0,2026-01-01T11:04:00+00:00,DJ-RTG$1d21f7ba,ChowChow Cloud International Holdings Limited Announces First Half 2025 Unaudited Financial Results
BNAI,DJ-N,2025-12-31 22:29:00.0,2025-12-31T22:29:00+00:00,DJ-N$1d216336,Brand Engagement Network Files 8K - Other Events >BNAI
SOC,FLY,2025-12-31 22:24:16.0,2025-12-31T22:24:16+00:00,FLY$1d2162a0,Closing Bell Movers: Sable Offshore jumps after big legal win
DVLT,DJ-N,2025-12-31 21:44:00.0,2025-12-31T21:44:00+00:00,DJ-N$1d215e0a,Substantial Insider Sales: Afternoon Report
DVLT,DJ-RTA,2025-12-31 21:44:00.0,2025-12-31T21:44:00+00:00,DJ-RTA$1d215e0a,Substantial Insider Sales: Afternoon Report
DVLT,DJ-RTG,2025-12-31 21:44:00.0,2025-12-31T21:44:00+00:00,DJ-RTG$1d215e0a,Substantial Insider Sales: Afternoon Report
GPUS,FLY,2025-12-31 21:34:21.0,2025-12-31T21:34:21+00:00,FLY$1d2159e0,Hyperscale Data files to sell 43.01M shares of Class A common stock for holders
SOC,FLY,2025-12-31 21:26:06.0,2025-12-31T21:26:06+00:00,FLY$1d21500e,"!Sable Offshore extends rally, shares up 13% to $10.15"
SOC,FLY,2025-12-31 21:22:31.0,2025-12-31T21:22:31+00:00,FLY$1d214c94,"!Appeals court gives Sable Offshore important legal win, says Roth Capital"
SOC,FLY,2025-12-31 21:19:06.0,2025-12-31T21:19:06+00:00,FLY$1d21493b,!Sable Offshore rallies 10% after environmental group denied stay
DVLT,DJ-N,2025-12-31 13:55:00.0,2025-12-31T13:55:00+00:00,DJ-N$1d206a86,"Holder Scilex Holding Co Sells 20,657,300 Of Datavault AI Inc >DVLT-Amended"
SMX,FLY,2025-12-31 13:35:30.0,2025-12-31T13:35:30+00:00,FLY$1d20665e,!SMX announces expansion of industrial rubber traceability platform
