rank,symbol,description,volume,market_cap,shortable_shares,trade_rate,volume_rate
1,FLYE,,,,,,
2,AEHL,,,,,,
3,EKSO,,,,,,
4,GRI,,,,,,
5,CETX,,,,,,
6,SXTP,,,,,,
7,FONR,,,,,,
8,XHLD,,,,,,
9,TOVX,,,,,,
10,BYAH,,,,,,
11,PCLA,,,,,,
12,TROO,,,,,,
13,AGAE,,,,,,
14,NCL,,,,,,
15,HUBC,,,,,,
16,SIDU,,,,,,
17,ZJYL,,,,,,
18,YMAT,,,,,,
19,PRLD,,,,,,
20,CNET,,,,,,
21,NTCL,,,,,,
22,MLEC,,,,,,
23,TMDE,,,,,,
24,FAT,,,,,,
25,WETO,,,,,,
26,BRNS,,,,,,
27,ARQQ,,,,,,
28,BLNK,,,,,,
29,CPXR,,,,,,
30,TII,,,,,,
31,NCPL,,,,,,
32,LMFA,,,,,,
33,PRZO,,,,,,
34,CHOW,,,,,,
35,INLF,,,,,,
36,MASK,,,,,,
37,QH,,,,,,
38,BKYI,,,,,,
39,ASNS,,,,,,
40,TRX,,,,,,
41,MREO,,,,,,
42,RVSN,,,,,,
43,AEON,,,,,,
44,KLTO,,,,,,
45,HBIO,,,,,,
46,PONX,,,,,,
47,ZSPC,,,,,,
48,STAK,,,,,,
49,LIMN,,,,,,
50,DRMA,,,,,,
