rank,symbol,exchange,last_price,bid,ask,open,high,low,close,volume,avg_volume,shortable_shares,trade_count,trade_rate,volume_rate,bid_size,ask_size,last_size,timestamp,news_count,news_source,latest_news,change,change_pct
1,AETHF,,0.4,,,0.4139,0.45,0.4,0.0111,11609.0,,98886.0,8.0,0.0,0.0,,,200.0,2025-12-29 16:21:01,0,B:0 F:0,No news,0.3889,3503.603603603604
2,LMDCF,,0.04,,,0.04,0.04,0.04,0.0015,11000.0,,,,,,,,10000.0,2025-12-29 16:21:01,0,B:0 F:0,No news,0.0385,2566.6666666666665
3,LEJUY,,0.0051,,,0.0051,0.0051,0.0051,0.0002,102.0,,,,,,,,100.0,2025-12-29 16:21:02,0,B:0 F:0,No news,0.004900000000000001,2450.0000000000005
4,XELA,,0.0412,,,0.011,0.0714,0.011,0.0017,10863.0,,126718.0,15.0,0.0,0.0,,,1000.0,2025-12-29 16:21:02,0,B:0 F:0,No news,0.0395,2323.5294117647063
5,HLOC,,0.0045,,,0.0045,0.0045,0.0045,0.0003,10000.0,,122876.0,1.0,0.0,0.0,,,10000.0,2025-12-29 16:21:03,0,B:0 F:0,No news,0.0042,1400.0
6,BLIAQ,,0.013,,,0.0025,0.013,0.0025,0.001,520.0,,246830.0,2.0,0.0,0.0,,,400.0,2025-12-29 16:21:03,0,B:0 F:0,No news,0.012,1200.0
7,NVOS,,0.0027,,,0.0016,0.0027,0.0005,0.0005,18653.0,,379317.0,12.0,0.0,0.0,,,3000.0,2025-12-29 16:21:04,0,B:0 F:0,No news,0.0022,440.00000000000006
8,PBLA,,0.0051,,,0.0051,0.011,0.0051,0.0011,3956.0,,78500.0,3.0,0.0,0.0,,,200.0,2025-12-29 16:21:04,0,B:0 F:0,No news,0.004,363.6363636363636
9,FRCB,,0.002,,,0.0007,0.0083,0.0007,0.0005,245893.0,,2103382.0,220.0,0.0,0.0,,,300.0,2025-12-29 16:21:05,0,B:0 F:0,No news,0.0015,300.0
10,PMHS,,0.7999,,,0.7999,0.7999,0.7999,0.202,1002.0,,,1.0,0.0,0.0,,,1000.0,2025-12-29 16:21:05,0,B:0 F:0,No news,0.5979000000000001,295.99009900990103
11,CLEUF,,0.034,,,0.024,0.034,0.024,0.0101,8639.0,,60747.0,2.0,0.0,0.0,,,4100.0,2025-12-29 16:21:06,0,B:0 F:0,No news,0.023900000000000005,236.63366336633666
12,MDEX,,0.001,,,0.01,0.0135,0.001,0.0003,364050.0,,2000.0,7.0,0.0,0.0,,,290000.0,2025-12-29 16:21:06,0,B:0 F:0,No news,0.0007000000000000001,233.3333333333334
13,HOMU,,0.0006,,,0.0004,0.0006,0.0004,0.0002,11614.0,,1829731.0,4.0,0.0,0.0,,,400.0,2025-12-29 16:21:07,0,B:0 F:0,No news,0.00039999999999999996,199.99999999999997
14,MSBM,,0.1499,,,0.1229,0.1499,0.1229,0.05,15850.0,,24821.0,3.0,0.0,0.0,,,12800.0,2025-12-29 16:21:07,0,B:0 F:0,No news,0.0999,199.8
15,RPGL,,0.6053,0.606,0.6061,0.45,0.8698,0.378,0.2633,5257981.0,,16800.0,635571.0,2.0,5800.0,3700.0,300.0,100.0,2025-12-29 16:21:08,0,B:0 F:0,No news,0.34199999999999997,129.88985947588304
16,NXMH,,0.0259,,,0.01,0.0259,0.01,0.01,461.0,,,,,,,,100.0,2025-12-29 16:21:08,0,B:0 F:0,No news,0.015899999999999997,158.99999999999997
17,YRIV,,0.0005,,,0.0005,0.0005,0.0005,0.0002,50033.0,,,1.0,0.0,0.0,,,49900.0,2025-12-29 16:21:09,0,B:0 F:0,No news,0.00030000000000000003,150.0
18,AHII,,0.001,,,0.001,0.001,0.001,0.0004,385.0,,,2.0,0.0,0.0,,,100.0,2025-12-29 16:21:09,0,B:0 F:0,No news,0.0006000000000000001,150.0
19,CUEN,,0.3,,,0.12,0.3,0.12,0.12,19879.0,,,,,,,,200.0,2025-12-29 16:21:10,0,B:0 F:0,No news,0.18,150.0
20,GXPLF,,0.2455,,,0.2609,0.2609,0.2455,0.1004,738.0,,42582.0,2.0,0.0,0.0,,,200.0,2025-12-29 16:21:10,3,B:0 F:3,"Correction: Greenridge Exploration Down Near 5%, Nearer 52 Week Lows As Raises $2 Million-plus Via F",0.1451,144.5219123505976
21,RMESF,,0.0283,,,0.0283,0.0283,0.0283,0.0117,10000.0,,,,,,,,10000.0,2025-12-29 16:21:11,0,B:0 F:0,No news,0.016599999999999997,141.88034188034183
22,IMUC,,0.218,,,0.1795,0.218,0.0711,0.0912,12218.0,,349817.0,5.0,0.0,0.0,,,100.0,2025-12-29 16:21:11,0,B:0 F:0,No news,0.1268,139.03508771929825
23,REGRF,,0.0063,,,0.0027,0.0063,0.0027,0.0027,256.0,,,,,,,,100.0,2025-12-29 16:21:12,0,B:0 F:0,No news,0.0036,133.33333333333331
24,WLGSF,,0.0032,,,0.0014,0.004,0.0013,0.0014,4242098.0,,4743950.0,116.0,0.0,0.0,,,30000.0,2025-12-29 16:21:12,0,B:0 F:0,No news,0.0018000000000000002,128.57142857142858
25,OPTEY,,0.045,,,0.0059,0.045,0.0059,0.02,41683.0,,89607.0,13.0,0.0,0.0,,,100.0,2025-12-29 16:21:13,0,B:0 F:0,No news,0.024999999999999998,124.99999999999997
26,TIOG,,0.0051,,,0.003,0.0051,0.002,0.0023,24215.0,,1055479.0,15.0,0.0,0.0,,,100.0,2025-12-29 16:21:13,0,B:0 F:0,No news,0.0028000000000000004,121.73913043478264
27,QTCI,,0.011,,,0.011,0.011,0.011,0.0051,2555.0,,1800.0,1.0,0.0,0.0,,,2500.0,2025-12-29 16:21:14,0,B:0 F:0,No news,0.005899999999999999,115.6862745098039
28,BRST,,0.021,,,0.0168,0.0219,0.0168,0.01,292177.0,,,,,,,,10000.0,2025-12-29 16:21:14,0,B:0 F:0,No news,0.011000000000000001,110.00000000000001
29,BNAI,,2.34,2.35,2.37,1.78,2.91,1.77,1.2,1502584.0,,,312816.0,34.0,12600.0,100.0,800.0,500.0,2025-12-29 16:21:15,0,B:0 F:0,No news,1.14,95.0
30,MLYCF,,0.002,,,0.002,0.002,0.002,0.001,100000.0,,,,,,,,100000.0,2025-12-29 16:21:15,0,B:0 F:0,No news,0.001,100.0
31,AMMJ,,0.001,,,0.0005,0.001,0.0005,0.0005,74721.0,,1275740.0,11.0,0.0,0.0,,,400.0,2025-12-29 16:21:16,0,B:0 F:0,No news,0.0005,100.0
32,VDRM,,0.0004,,,0.0004,0.0004,0.0004,0.0002,1000.0,,,,,,,,1000.0,2025-12-29 16:21:16,0,B:0 F:0,No news,0.0002,100.0
33,ECPN,,0.0004,,,0.0004,0.0004,0.0004,0.0002,4000.0,,10950776.0,1.0,0.0,0.0,,,4000.0,2025-12-29 16:21:17,0,B:0 F:0,No news,0.0002,100.0
34,PROCF,,0.05,,,0.05,0.981,0.05,0.0251,7240.0,,127713.0,1.0,0.0,0.0,,,7000.0,2025-12-29 16:21:17,0,B:0 F:0,No news,0.024900000000000002,99.20318725099602
35,LNMG,,0.039,,,0.039,0.039,0.039,0.02,10000.0,,526101.0,1.0,0.0,0.0,,,10000.0,2025-12-29 16:21:18,0,B:0 F:0,No news,0.019,95.0
36,TFGL,,0.598,,,0.3629,0.51,0.3533,0.2623,11400.0,,,7.0,0.0,0.0,,,2000.0,2025-12-29 16:21:18,0,B:0 F:0,No news,0.3357,127.98322531452537
37,CVWFF,,0.5877,,,0.5877,0.5877,0.5877,0.3046,200.0,,23890.0,2.0,0.0,0.0,,,200.0,2025-12-29 16:21:19,0,B:0 F:0,No news,0.2831,92.94156270518714
38,SNTX,,0.015,,,0.008,0.016,0.0078,0.0078,6164944.0,,,,,,,,22000.0,2025-12-29 16:21:19,0,B:0 F:0,No news,0.0072,92.3076923076923
39,RVLCF,,0.0646,,,0.0371,0.0646,0.0237,0.0345,242050.0,,2000.0,27.0,0.0,0.0,,,5000.0,2025-12-29 16:21:20,0,B:0 F:0,No news,0.030100000000000002,87.2463768115942
40,SPOWF,,0.0216,,,0.015,0.0216,0.015,0.0116,9804.0,,110330.0,3.0,0.0,0.0,,,400.0,2025-12-29 16:21:20,0,B:0 F:0,No news,0.010000000000000002,86.20689655172417
41,SCPX,,0.0011,,,0.0011,0.0011,0.0011,0.0006,41784.0,,,,,,,,2400.0,2025-12-29 16:21:21,0,B:0 F:0,No news,0.0005000000000000001,83.33333333333336
42,SRBT,,0.2241,,,0.2241,0.2241,0.2241,0.1223,1500.0,,1500.0,1.0,0.0,0.0,,,1500.0,2025-12-29 16:21:21,0,B:0 F:0,No news,0.10179999999999999,83.23793949304986
43,BGXXQ,,0.0007,,,0.0008,0.0008,0.0006,0.0004,114214.0,,,,,,,,100.0,2025-12-29 16:21:22,0,B:0 F:0,No news,0.0003,74.99999999999999
44,STBXF,,0.1869,,,0.145,0.1869,0.08,0.11,8528.0,,,,,,,,500.0,2025-12-29 16:21:22,0,B:0 F:0,No news,0.07690000000000001,69.90909090909092
45,MRCR,,5.207,,,3.49,5.33,5.1,3.15,71341.0,,7554.0,86.0,0.0,0.0,,,700.0,2025-12-29 16:21:23,0,B:0 F:0,No news,2.057,65.3015873015873
46,KUKEY,,0.0255,,,0.0155,0.0255,0.0155,0.0155,10586.0,,949500.0,5.0,0.0,0.0,,,1700.0,2025-12-29 16:21:23,0,B:0 F:0,No news,0.009999999999999998,64.51612903225805
47,LABZF,,0.0703,,,0.0703,0.0703,0.0703,0.043,100.0,,,,,,,,100.0,2025-12-29 16:21:24,0,B:0 F:0,No news,0.027300000000000005,63.48837209302327
48,LKCOF,,0.0049,,,0.0049,0.0049,0.0026,0.003,7139.0,,83600.0,4.0,0.0,0.0,,,400.0,2025-12-29 16:21:24,0,B:0 F:0,No news,0.0018999999999999998,63.33333333333332
49,SRKE,,0.2749,,,0.2749,0.2749,0.2749,0.17,2501.0,,10369.0,1.0,0.0,0.0,,,2500.0,2025-12-29 16:21:25,0,B:0 F:0,No news,0.10489999999999997,61.70588235294115
50,SOPA,,2.5801,2.58,2.59,2.27,3.4599,2.2101,1.82,1531586.0,,,,,,1300.0,2600.0,500.0,2025-12-29 16:21:25,0,B:0 F:0,No news,0.7600999999999998,41.76373626373625
