symbol,last,prev_close,pct_change,shortable_shares,vol_1m,vol_3m,vol_5m,vol_10m,vpm_1m,vpm_3m,vpm_5m,vpm_10m,trades_1m,trades_3m,trades_5m,trades_10m,tpm_1m,tpm_3m,tpm_5m,tpm_10m,vwap_30m,vpm_base,accel,breakout_score
ASBP,0.1311,0.1050,24.8571,NA,0.0000,333951.0000,611953.0000,1400932.0000,0.0000,111317.0000,122390.6000,140093.2000,0.0000,246.0000,394.0000,761.0000,0.0000,82.0000,78.8000,76.1000,0.1291,140093.2000,NA,23.7723
OCG,0.0216,0.0222,-2.7027,2084381.0000,0.0000,562177.0000,1156969.0000,2251270.0000,0.0000,187392.3333,231393.8000,225127.0000,0.0000,48.0000,142.0000,368.0000,0.0000,16.0000,28.4000,36.8000,0.0221,225127.0000,NA,-0.1812
GPUS,0.3728,0.2562,45.5113,5659897.0000,39646.0000,1929957.0000,3211200.0000,9603012.0000,39646.0000,643319.0000,642240.0000,960301.2000,21.0000,702.0000,1166.0000,3569.0000,21.0000,234.0000,233.2000,356.9000,0.3702,960301.2000,0.0413,50.5632
SOXS,2.4700,2.3800,3.7815,3465337.0000,399.0000,2437712.0000,2454763.0000,2867251.0000,399.0000,812570.6667,490952.6000,286725.1000,3.0000,276.0000,299.0000,421.0000,3.0000,92.0000,59.8000,42.1000,2.4702,286725.1000,0.0014,6.2706
LUCY,1.7850,1.1800,51.2712,NA,6312.0000,201427.0000,331831.0000,880008.0000,6312.0000,67142.3333,66366.2000,88000.8000,11.0000,438.0000,705.0000,1751.0000,11.0000,146.0000,141.0000,175.1000,1.7497,88000.8000,0.0717,47.0241
INTC,42.6500,40.0400,6.5185,68319888.0000,20985.0000,496776.0000,747031.0000,1750739.0000,20985.0000,165592.0000,149406.2000,175073.9000,33.0000,1547.0000,2374.0000,5451.0000,33.0000,515.6667,474.8000,545.1000,42.7520,175073.9000,0.1199,7.6174
NVDA,188.8300,187.2400,0.8492,188864097.0000,27645.0000,727170.0000,987835.0000,1668608.0000,27645.0000,242390.0000,197567.0000,166860.8000,73.0000,2041.0000,2784.0000,5030.0000,73.0000,680.3333,556.8000,503.0000,189.2953,166860.8000,0.1657,2.4329
ZSL,4.2000,3.9100,7.4169,4566589.0000,500.0000,269765.0000,466788.0000,914424.0000,500.0000,89921.6667,93357.6000,91442.4000,1.0000,96.0000,216.0000,388.0000,1.0000,32.0000,43.2000,38.8000,4.1916,91442.4000,0.0055,7.5896
ASST,1.0500,1.0400,0.9615,NA,8700.0000,205918.0000,459337.0000,1566699.0000,8700.0000,68639.3333,91867.4000,156669.9000,6.0000,176.0000,403.0000,1174.0000,6.0000,58.6667,80.6000,117.4000,1.0512,156669.9000,0.0555,2.4320
TZA,6.7300,6.6700,0.8996,NA,2208.0000,1824343.0000,2533838.0000,3587569.0000,2208.0000,608114.3333,506767.6000,358756.9000,4.0000,431.0000,608.0000,871.0000,4.0000,143.6667,121.6000,87.1000,6.7151,358756.9000,0.0062,4.3972
BYND,NA,NA,NA,NA,7592.0000,264790.0000,439780.0000,1322910.0000,7592.0000,88263.3333,87956.0000,132291.0000,10.0000,162.0000,321.0000,794.0000,10.0000,54.0000,64.2000,79.4000,1.0694,132291.0000,0.0574,NA
DVLT,NA,NA,NA,NA,52189.0000,302325.0000,816205.0000,1536447.0000,52189.0000,100775.0000,163241.0000,153644.7000,9.0000,208.0000,391.0000,734.0000,9.0000,69.3333,78.2000,73.4000,1.1755,153644.7000,0.3397,NA
OPEN,NA,NA,NA,NA,47222.0000,209643.0000,488357.0000,1793741.0000,47222.0000,69881.0000,97671.4000,179374.1000,32.0000,229.0000,538.0000,1728.0000,32.0000,76.3333,107.6000,172.8000,6.2142,179374.1000,0.2633,NA
SLV,NA,NA,NA,NA,11731.0000,206850.0000,431077.0000,1089307.0000,11731.0000,68950.0000,86215.4000,108930.7000,47.0000,867.0000,1648.0000,4375.0000,47.0000,289.0000,329.6000,437.5000,71.0476,108930.7000,0.1077,NA
SIDU,NA,NA,NA,NA,5260.0000,158804.0000,388750.0000,798036.0000,5260.0000,52934.6667,77750.0000,79803.6000,10.0000,186.0000,573.0000,1189.0000,10.0000,62.0000,114.6000,118.9000,4.5928,79803.6000,0.0659,NA
COMP,NA,NA,NA,NA,4562.0000,336951.0000,608715.0000,1038520.0000,4562.0000,112317.0000,121743.0000,103852.0000,21.0000,1192.0000,2046.0000,3820.0000,21.0000,397.3333,409.2000,382.0000,12.4881,103852.0000,0.0439,NA
AAL,NA,NA,NA,NA,81093.0000,683645.0000,1188585.0000,1736177.0000,81093.0000,227881.6667,237717.0000,173617.7000,62.0000,476.0000,1043.0000,1774.0000,62.0000,158.6667,208.6000,177.4000,16.0428,173617.7000,0.4671,NA
NVVE,3.5500,2.2000,61.3636,NA,0.0000,163503.0000,700252.0000,1158847.0000,0.0000,54501.0000,140050.4000,115884.7000,0.0000,448.0000,2050.0000,3218.0000,0.0000,149.3333,410.0000,321.8000,3.8220,115884.7000,NA,56.3861
PLUG,NA,NA,NA,NA,738.0000,36985.0000,50785.0000,952723.0000,738.0000,12328.3333,10157.0000,95272.3000,6.0000,68.0000,129.0000,568.0000,6.0000,22.6667,25.8000,56.8000,2.2993,95272.3000,0.0077,NA
AMOD,0.6500,0.4910,32.3829,NA,359.0000,14732.0000,31183.0000,94237.0000,359.0000,4910.6667,6236.6000,9423.7000,2.0000,25.0000,50.0000,177.0000,2.0000,8.3333,10.0000,17.7000,0.6434,9423.7000,0.0381,29.2388
TSLS,NA,NA,NA,NA,0.0000,503212.0000,532765.0000,1901650.0000,0.0000,167737.3333,106553.0000,190165.0000,0.0000,104.0000,113.0000,392.0000,0.0000,34.6667,22.6000,39.2000,5.2105,190165.0000,NA,NA
NVD,NA,NA,NA,NA,74550.0000,708898.0000,719307.0000,1142397.0000,74550.0000,236299.3333,143861.4000,114239.7000,20.0000,204.0000,210.0000,327.0000,20.0000,68.0000,42.0000,32.7000,6.9501,114239.7000,0.6526,NA
MSTX,NA,NA,NA,NA,9400.0000,218007.0000,272107.0000,710085.0000,9400.0000,72669.0000,54421.4000,71008.5000,2.0000,58.0000,85.0000,216.0000,2.0000,19.3333,17.0000,21.6000,4.3253,71008.5000,0.1324,NA
ONDS,NA,NA,NA,NA,29984.0000,459090.0000,711650.0000,1152431.0000,29984.0000,153030.0000,142330.0000,115243.1000,65.0000,763.0000,1233.0000,2000.0000,65.0000,254.3333,246.6000,200.0000,12.3368,115243.1000,0.2602,NA
TQQQ,NA,NA,NA,NA,27667.0000,606152.0000,707228.0000,977212.0000,27667.0000,202050.6667,141445.6000,97721.2000,32.0000,985.0000,1194.0000,1637.0000,32.0000,328.3333,238.8000,163.7000,55.5704,97721.2000,0.2831,NA
SOXL,51.7400,54.0100,-4.2029,NA,2593.0000,267832.0000,351133.0000,567603.0000,2593.0000,89277.3333,70226.6000,56760.3000,15.0000,808.0000,1063.0000,1771.0000,15.0000,269.3333,212.6000,177.1000,51.9320,56760.3000,0.0457,-3.2150
SPY,690.7200,691.8100,-0.1576,NA,30301.0000,729662.0000,1160918.0000,1926503.0000,30301.0000,243220.6667,232183.6000,192650.3000,323.0000,6169.0000,9889.0000,16921.0000,323.0000,2056.3333,1977.8000,1692.1000,691.4801,192650.3000,0.1573,1.7847
VALE,NA,NA,NA,NA,15432.0000,107041.0000,191113.0000,615001.0000,15432.0000,35680.3333,38222.6000,61500.1000,11.0000,87.0000,205.0000,580.0000,11.0000,29.0000,41.0000,58.0000,14.1821,61500.1000,0.2509,NA
TSLL,NA,NA,NA,NA,150184.0000,410205.0000,560394.0000,976929.0000,150184.0000,136735.0000,112078.8000,97692.9000,156.0000,543.0000,758.0000,1505.0000,156.0000,181.0000,151.6000,150.5000,17.9337,97692.9000,1.5373,NA
BBAI,NA,NA,NA,NA,4920.0000,208710.0000,460284.0000,835645.0000,4920.0000,69570.0000,92056.8000,83564.5000,10.0000,118.0000,399.0000,840.0000,10.0000,39.3333,79.8000,84.0000,6.1007,83564.5000,0.0589,NA
BITO,NA,NA,NA,NA,160.0000,2000.0000,380289.0000,987592.0000,160.0000,666.6667,76057.8000,98759.2000,1.0000,8.0000,131.0000,329.0000,1.0000,2.6667,26.2000,32.9000,12.6461,98759.2000,0.0016,NA
PLTD,NA,NA,NA,NA,11000.0000,485724.0000,656324.0000,850483.0000,11000.0000,161908.0000,131264.8000,85048.3000,2.0000,113.0000,157.0000,225.0000,2.0000,37.6667,31.4000,22.5000,6.3369,85048.3000,0.1293,NA
TSLA,NA,NA,NA,NA,32870.0000,258591.0000,390344.0000,829327.0000,32870.0000,86197.0000,78068.8000,82932.7000,293.0000,2024.0000,3210.0000,6592.0000,293.0000,674.6667,642.0000,659.2000,436.9472,82932.7000,0.3963,NA
NOK,NA,NA,NA,NA,298.0000,75316.0000,93315.0000,230601.0000,298.0000,25105.3333,18663.0000,23060.1000,2.0000,137.0000,196.0000,486.0000,2.0000,45.6667,39.2000,48.6000,6.8293,23060.1000,0.0129,NA
DUST,NA,NA,NA,NA,6000.0000,110973.0000,117125.0000,629500.0000,6000.0000,36991.0000,23425.0000,62950.0000,1.0000,29.0000,34.0000,152.0000,1.0000,9.6667,6.8000,15.2000,6.5930,62950.0000,0.0953,NA
SKYQ,0.7563,0.5835,29.6144,NA,2200.0000,30083.0000,205734.0000,605570.0000,2200.0000,10027.6667,41146.8000,60557.0000,6.0000,44.0000,303.0000,722.0000,6.0000,14.6667,60.6000,72.2000,0.7743,60557.0000,0.0363,27.2585
JDST,NA,NA,NA,NA,0.0000,221643.0000,227643.0000,618388.0000,0.0000,73881.0000,45528.6000,61838.8000,0.0000,77.0000,80.0000,138.0000,0.0000,25.6667,16.0000,13.8000,2.3544,61838.8000,NA,NA
MBLY,NA,NA,NA,NA,3292.0000,123645.0000,209874.0000,423292.0000,3292.0000,41215.0000,41974.8000,42329.2000,5.0000,402.0000,682.0000,1356.0000,5.0000,134.0000,136.4000,135.6000,12.2640,42329.2000,0.0778,NA
CRML,NA,NA,NA,NA,2600.0000,66705.0000,112361.0000,262850.0000,2600.0000,22235.0000,22472.2000,26285.0000,14.0000,185.0000,350.0000,834.0000,14.0000,61.6667,70.0000,83.4000,13.3298,26285.0000,0.0989,NA
SNAP,NA,NA,NA,NA,315535.0000,514044.0000,732299.0000,1062905.0000,315535.0000,171348.0000,146459.8000,106290.5000,85.0000,454.0000,994.0000,1719.0000,85.0000,151.3333,198.8000,171.9000,8.9535,106290.5000,2.9686,NA
GRAB,NA,NA,NA,NA,86656.0000,256830.0000,1120425.0000,1528858.0000,86656.0000,85610.0000,224085.0000,152885.8000,109.0000,494.0000,1487.0000,2191.0000,109.0000,164.6667,297.4000,219.1000,5.1373,152885.8000,0.5668,NA
IBIT,NA,NA,NA,NA,22509.0000,142873.0000,277275.0000,622447.0000,22509.0000,47624.3333,55455.0000,62244.7000,90.0000,594.0000,1127.0000,2423.0000,90.0000,198.0000,225.4000,242.3000,51.6542,62244.7000,0.3616,NA
FNGD,NA,NA,NA,NA,5634.0000,437823.0000,568128.0000,844081.0000,5634.0000,145941.0000,113625.6000,84408.1000,5.0000,93.0000,132.0000,199.0000,5.0000,31.0000,26.4000,19.9000,5.1222,84408.1000,0.0667,NA
MOBX,0.2544,0.1965,29.4656,760203.0000,0.0000,259119.0000,302702.0000,597631.0000,0.0000,86373.0000,60540.4000,59763.1000,0.0000,236.0000,347.0000,721.0000,0.0000,78.6667,69.4000,72.1000,0.2514,59763.1000,NA,27.1167
KOS,NA,NA,NA,NA,28720.0000,178984.0000,603968.0000,1210113.0000,28720.0000,59661.3333,120793.6000,121011.3000,15.0000,110.0000,551.0000,1108.0000,15.0000,36.6667,110.2000,110.8000,0.9290,121011.3000,0.2373,NA
PLTR,NA,NA,NA,NA,30831.0000,188316.0000,295803.0000,492110.0000,30831.0000,62772.0000,59160.6000,49211.0000,103.0000,764.0000,1240.0000,2111.0000,103.0000,254.6667,248.0000,211.1000,184.1180,49211.0000,0.6265,NA
PFE,NA,NA,NA,NA,28497.0000,147257.0000,327867.0000,638593.0000,28497.0000,49085.6667,65573.4000,63859.3000,33.0000,257.0000,617.0000,1192.0000,33.0000,85.6667,123.4000,119.2000,25.2352,63859.3000,0.4462,NA
F,NA,NA,NA,NA,14300.0000,352762.0000,1273322.0000,1374427.0000,14300.0000,117587.3333,254664.4000,137442.7000,16.0000,442.0000,1631.0000,1801.0000,16.0000,147.3333,326.2000,180.1000,13.6771,137442.7000,0.1040,NA
SOFI,NA,NA,NA,NA,23516.0000,271176.0000,421088.0000,714391.0000,23516.0000,90392.0000,84217.6000,71439.1000,64.0000,493.0000,874.0000,1621.0000,64.0000,164.3333,174.8000,162.1000,27.1104,71439.1000,0.3292,NA
QQQ,NA,NA,NA,NA,72991.0000,470804.0000,610430.0000,929115.0000,72991.0000,156934.6667,122086.0000,92911.5000,657.0000,4401.0000,5598.0000,8618.0000,657.0000,1467.0000,1119.6000,861.8000,625.6049,92911.5000,0.7856,NA
