scanner,symbol,provider,providerName,publishedUtc,headline,url,articleId
top_trade_rate,MU,FINNHUB,Finnhub,2026-01-05T03:52:03+00:00,"Dow Jones Futures: Muted Reaction To Trump's Venezuela Move; Nvidia, AMD, Taiwan Semi Due",https://finnhub.io/api/news?id=0c030641224ed2362983318ff2d43fad71c0f9c820e2aae92b03a643f0977a7a,137985557
top_trade_rate,NVDA,FINNHUB,Finnhub,2026-01-05T03:52:03+00:00,"Dow Jones Futures: Muted Reaction To Trump's Venezuela Move; Nvidia, AMD, Taiwan Semi Due",https://finnhub.io/api/news?id=0c030641224ed2362983318ff2d43fad71c0f9c820e2aae92b03a643f0977a7a,137985557
top_trade_rate,APH,FINNHUB,Finnhub,2026-01-05T03:52:03+00:00,"Dow Jones Futures: Muted Reaction To Trump's Venezuela Move; Nvidia, AMD, Taiwan Semi Due",https://finnhub.io/api/news?id=0c030641224ed2362983318ff2d43fad71c0f9c820e2aae92b03a643f0977a7a,137985557
top_trade_rate,NVDA,FINNHUB,Finnhub,2026-01-05T03:51:43+00:00,TSMC Shares Jump Most Since April After Goldman Lifts Target 35%,https://finnhub.io/api/news?id=a2cedc6ab8ed248b54212f20a71fbf926a97141bf7cb762a2bb394e79d6fb8d2,137985558
top_trade_rate,NVDA,FINNHUB,Finnhub,2026-01-05T03:51:00+00:00,Ready to Buy Nvidia Stock? Check Out This Option.,https://finnhub.io/api/news?id=178b7efaad6127da0252233aa0e33bee49fa68e6e37ef60a093e54cf52b74c84,137985559
top_trade_rate,APH,FINNHUB,Finnhub,2026-01-05T02:11:39+00:00,Is It Too Late To Consider Amphenol After Its 101% Surge?,https://finnhub.io/api/news?id=aa93298c16c89530f7e64214f94b2eb547c9e77d095913ee3a95a3948d999167,137986292
top_trade_rate,NVDA,FINNHUB,Finnhub,2026-01-05T02:02:52+00:00,Markets show mixed reaction after US capture of Venezuelan leader,https://finnhub.io/api/news?id=1e40527124dcd37c08544653b6a2f1c7e8df2590f869ecf3e7aecb587d4a7916,137985560
top_trade_rate,TSLA,FINNHUB,Finnhub,2026-01-05T02:02:52+00:00,Markets show mixed reaction after US capture of Venezuelan leader,https://finnhub.io/api/news?id=1e40527124dcd37c08544653b6a2f1c7e8df2590f869ecf3e7aecb587d4a7916,137985560
top_trade_rate,VLO,FINNHUB,Finnhub,2026-01-05T01:43:53+00:00,Maduro Vs. Noriega: What History Means For Markets,https://finnhub.io/api/news?id=917f2a798f39513382e947952e9daf189afead5f398a6de6b11af32644431a47,137988203
top_trade_rate,TSLA,FINNHUB,Finnhub,2026-01-05T00:13:17+00:00,Tesla (TSLA) Valuation Check After Recent Share Price Drift,https://finnhub.io/api/news?id=5e948c3094dda416cd80eb5ee289a4e76aa3c101bc552140d0b6519255e38b31,137985718
top_trade_rate,NVDA,FINNHUB,Finnhub,2026-01-04T23:56:34+00:00,"Stock market today: Dow, S&P 500, Nasdaq futures inch up after US intervention in Venezuela, arrest of Maduro",https://finnhub.io/api/news?id=bcb283487cba88f65df26083eeb23f210744d03cb72d324a036059d8082dda5b,137985561
top_trade_rate,NVDA,FINNHUB,Finnhub,2026-01-04T23:30:00+00:00,My Top 5 Stock Market Predictions for 2026,https://finnhub.io/api/news?id=d13c698247fdfd202b332a5440dffceafc3a600962c62cdb9fe2ba9d45127790,137985562
top_trade_rate,TSLA,FINNHUB,Finnhub,2026-01-04T23:16:50+00:00,Tesla (TSLA) Is Down 7.8% After BYD Takes EV Crown And Deliveries Fall Again - What's Changed,https://finnhub.io/api/news?id=7735354871f03f2c3bac7cbaa0890dbb4a91db7323ca5e43892dbc4b9c1102b0,137985719
top_trade_rate,AVGO,FINNHUB,Finnhub,2026-01-04T23:16:42+00:00,Broadcom (AVGO): Assessing Valuation After Recent Share Price Softness and Multi‑Year Run,https://finnhub.io/api/news?id=0f04e9f1fda206f6082501e7ab175434fa719c8399ee322388acf81abe2e21e1,137985657
top_trade_rate,MU,FINNHUB,Finnhub,2026-01-04T23:15:39+00:00,Is It Too Late to Consider Micron After a 252.1% Surge on AI Optimism in 2026,https://finnhub.io/api/news?id=455428f92c0b821d12fac931bd2b5f5479e201136d34bbf0ec14d84d54a8ec3a,137985953
top_trade_rate,NVDA,FINNHUB,Finnhub,2026-01-04T23:14:05+00:00,Is the AI boom a bubble waiting to pop? Here’s what history says,https://finnhub.io/api/news?id=57a64b1395c60608c0ee01e52de93f83c7f3117d5ba1dd744a45d8ed6ef11f03,137985563
top_trade_rate,AVGO,FINNHUB,Finnhub,2026-01-04T23:14:05+00:00,Is the AI boom a bubble waiting to pop? Here’s what history says,https://finnhub.io/api/news?id=57a64b1395c60608c0ee01e52de93f83c7f3117d5ba1dd744a45d8ed6ef11f03,137985563
top_trade_rate,NVDA,FINNHUB,Finnhub,2026-01-04T23:10:46+00:00,Synopsys: Paying For Tomorrow While Today Remains Uneven,https://finnhub.io/api/news?id=dec07ce96f59fa7c6df7e725727118b3b7c6f1343b7c98056b589f7b54c78e16,137985413
top_trade_rate,MSTR,FINNHUB,Finnhub,2026-01-04T21:50:38+00:00,MicroStrategy Solves Private Equity’s 2 Biggest Problems With Bitcoin,https://finnhub.io/api/news?id=c3ba8a03601016ed1a26c70362c2aa457c7d9e939847a403bf182fca2d1b1ff9,137987373
top_trade_rate,MSTR,FINNHUB,Finnhub,2026-01-04T20:58:01+00:00,Venezuela’s $60 Billion Bitcoin “Shadow Reserve” Could Reshape Global BTC Markets,https://finnhub.io/api/news?id=5b43bb58e04f47dd811447de94c1d5fa49db0e8abcb37374d1d038c5737e86e0,137986314
top_trade_rate,NVDA,FINNHUB,Finnhub,2026-01-04T20:25:00+00:00,Why 60% of Americans Believe AI Stocks Will Deliver Strong Long-Term Returns,https://finnhub.io/api/news?id=5fd0f9cb2269b5feac6ccf89dacedcfdb10d11ae94f4544f8ed795364a041cf9,137985564
top_trade_rate,TSLA,FINNHUB,Finnhub,2026-01-04T20:13:00+00:00,Veteran analyst delivers blunt 3-word take on Tesla after report,https://finnhub.io/api/news?id=a3352f2b0b3200d5269a1d5b4b56c427d949b3e5285bbc30c67d68b69c919d0f,137985720
top_trade_rate,DAL,FINNHUB,Finnhub,2026-01-04T19:33:00+00:00,Delta Air Lines flight cancellation news reveals a worrying trend,https://finnhub.io/api/news?id=36b5568c28af8c18d4dcb5e64c8274ac00549b0b4fa8304631680f7b6f8817a2,137986833
top_trade_rate,TSLA,FINNHUB,Finnhub,2026-01-04T19:31:06+00:00,Wall Street Braces For Another Year Of High-Value Transactions Following A Record-Breaking 2025,https://finnhub.io/api/news?id=32a160cb7feae2020fcfaa29702d2000fc2feabb4c9063aee7a44bc7a4401708,137985620
top_trade_rate,NVDA,FINNHUB,Finnhub,2026-01-04T19:15:00+00:00,Jim Cramer says achieving early retirement comes down to just 3 key assets in your investment portfolio,https://finnhub.io/api/news?id=cee70e1989644a37d1277a105daa8f6aa3d209e6fb547a5b96f523f57e34d317,137985565
top_trade_rate,TSLA,FINNHUB,Finnhub,2026-01-04T19:00:58+00:00,"Elon Musk, Larry Ellison Lead As World's 10 Richest Add More 2025 Wealth Than Netflix, AT&T Combined",https://finnhub.io/api/news?id=1b4f086c01e16d41c41cc41b010ffee5c5a7fa3177d70f9d42028bce4d730e0e,137985722
top_trade_rate,NVDA,FINNHUB,Finnhub,2026-01-04T19:00:51+00:00,3 stocks to watch in 2026,https://finnhub.io/api/news?id=2951a91665e24ca29ecf8bc6aff243ed0b48efe27bf7f3b4eda070351f0a7fb3,137985566
top_trade_rate,AVGO,FINNHUB,Finnhub,2026-01-04T19:00:51+00:00,3 stocks to watch in 2026,https://finnhub.io/api/news?id=2951a91665e24ca29ecf8bc6aff243ed0b48efe27bf7f3b4eda070351f0a7fb3,137985566
top_trade_rate,NVDA,FINNHUB,Finnhub,2026-01-04T18:05:00+00:00,2 AI Stocks to Buy in January and Hold for 20 Years,https://finnhub.io/api/news?id=3964c2693c3866852cb2eb190759405d681f145e7fbc6e58b2140c421dc504b5,137985567
top_trade_rate,NVDA,FINNHUB,Finnhub,2026-01-04T18:00:02+00:00,"CES 2026, Sector Rotation and Other Key Things to Watch this Week",https://finnhub.io/api/news?id=f358a2938fad3306f35a744fd6013414616ee774d85363fbef08d39b6ab179ca,137985568
top_trade_rate,MU,FINNHUB,Finnhub,2026-01-04T17:45:24+00:00,Top analyst resets price target on Micron stock,https://finnhub.io/api/news?id=e13c6cb1cd8525d394e55aff8e0a07a921572a2a5b871ee1f4df57f88090cd71,137985569
top_trade_rate,NVDA,FINNHUB,Finnhub,2026-01-04T17:45:24+00:00,Top analyst resets price target on Micron stock,https://finnhub.io/api/news?id=e13c6cb1cd8525d394e55aff8e0a07a921572a2a5b871ee1f4df57f88090cd71,137985569
top_trade_rate,NVDA,FINNHUB,Finnhub,2026-01-04T17:05:00+00:00,4 Reasons to Buy Nvidia Stock Like There's No Tomorrow,https://finnhub.io/api/news?id=4dc91bd9a4908970b58b3144725fb7a5e101d22f0a5ad50c9502c2b71d0a1e0c,137985570
top_trade_rate,NFLX,FINNHUB,Finnhub,2026-01-04T15:54:00+00:00,2 Leading Tech Stocks to Buy in 2026,https://finnhub.io/api/news?id=a4a986296e0bf2ec65418338dcf5974a581d9de623e845ca4d8dffb842361944,137985844
top_trade_rate,TSLA,FINNHUB,Finnhub,2026-01-04T15:21:00+00:00,Rivian Deliveries Tanked in Q4: What Investors Should Know,https://finnhub.io/api/news?id=dba5c43a899a05841a98501dfb8b59223f77b7b387f29ef7d2c206c2805c666e,137985723
top_trade_rate,NVDA,FINNHUB,Finnhub,2026-01-04T15:07:00+00:00,Where Will Nvidia Stock Be in 1 Year?,https://finnhub.io/api/news?id=00327659f2f30bee0e193fc23ee60f08b50338ea6efbafcdb20747bdc5f6709a,137985571
top_trade_rate,TSLA,FINNHUB,Finnhub,2026-01-04T15:00:22+00:00,"1,000 miles in the Porsche Taycan 4S Cross Turismo EV: The good and bad",https://finnhub.io/api/news?id=4de3e7dc49f6cb4a06aa63604137c7ca34136a7b23be55ad8881eec72160c804,137985724
top_trade_rate,NVDA,FINNHUB,Finnhub,2026-01-04T14:34:13+00:00,Is DFAC ETF Still A Buy After 15% Run?,https://finnhub.io/api/news?id=17184ecc3385cf0029579fefe742270579d3159ecbb2e72774358be33d505d4b,137985572
top_trade_rate,TSLA,FINNHUB,Finnhub,2026-01-04T14:15:02+00:00,Tesla Stock Has Been Flat For 2 Months - How to Make a 3.2% Yield in One-Month Puts,https://finnhub.io/api/news?id=3bfd96e77ac0621acfe2f54d810c84eb0cef5b1779bab52178cfcf22c2769d0e,137985725
top_trade_rate,NVDA,FINNHUB,Finnhub,2026-01-04T14:05:00+00:00,Should You Really Invest in AI Stocks in 2026? Here's What Other Investors Are Saying,https://finnhub.io/api/news?id=75cf29bcd09b667ec9736093413724d1e0e8d5f2779d451632bc2b56cd38632d,137985573
top_trade_rate,MU,FINNHUB,Finnhub,2026-01-04T13:45:42+00:00,"Best Stocks Of 2025: Micron, Palantir, Other AI Stars Highlight Elite 100 List",https://finnhub.io/api/news?id=5b29ea2be01c24914d4b8a215ea76438ab09bfecf6568f45c599fa1d322cdc20,137985820
top_trade_rate,NVDA,FINNHUB,Finnhub,2026-01-04T13:30:49+00:00,5 tech stocks that could bring gains to your portfolio in the new year,https://finnhub.io/api/news?id=8c91a0af4ae027f56dfab2424667141d1fe9cc4352da7c3d48787e3d0d2eee70,137985574
top_trade_rate,AVGO,FINNHUB,Finnhub,2026-01-04T13:30:49+00:00,5 tech stocks that could bring gains to your portfolio in the new year,https://finnhub.io/api/news?id=8c91a0af4ae027f56dfab2424667141d1fe9cc4352da7c3d48787e3d0d2eee70,137985574
top_trade_rate,NVDA,FINNHUB,Finnhub,2026-01-04T13:29:00+00:00,4 Stocks to Buy in January That Could Join Nvidia in the $1 Trillion Club by 2030,https://finnhub.io/api/news?id=68e63e4ab698bb04985066a128c9f5ab589d337d17f063ea6cea086e6ed61e84,137985575
top_trade_rate,TSLA,FINNHUB,Finnhub,2026-01-04T13:29:00+00:00,4 Stocks to Buy in January That Could Join Nvidia in the $1 Trillion Club by 2030,https://finnhub.io/api/news?id=68e63e4ab698bb04985066a128c9f5ab589d337d17f063ea6cea086e6ed61e84,137985575
top_trade_rate,AVGO,FINNHUB,Finnhub,2026-01-04T13:29:00+00:00,4 Stocks to Buy in January That Could Join Nvidia in the $1 Trillion Club by 2030,https://finnhub.io/api/news?id=68e63e4ab698bb04985066a128c9f5ab589d337d17f063ea6cea086e6ed61e84,137985575
top_trade_rate,NFLX,FINNHUB,Finnhub,2026-01-04T13:29:00+00:00,4 Stocks to Buy in January That Could Join Nvidia in the $1 Trillion Club by 2030,https://finnhub.io/api/news?id=68e63e4ab698bb04985066a128c9f5ab589d337d17f063ea6cea086e6ed61e84,137985575
top_trade_rate,NVDA,FINNHUB,Finnhub,2026-01-04T13:20:22+00:00,"Why Nvidia Could Have a Terrible Year in 2026, And Why It Might Not Be So Bad",https://finnhub.io/api/news?id=fbab7fb98dc9f550c91ee99323602dc91e82e10ea0fc72dcc01d77d264dd3312,137985576
top_trade_rate,NVDA,FINNHUB,Finnhub,2026-01-04T13:12:54+00:00,Wall Street Brunch: Chip Names Set To Dominate CES,https://finnhub.io/api/news?id=0d0bf3b4b66130a8d24b719583d94968b97280c3369fb5bc54e8b87d4e7d7a7c,137982381
top_trade_rate,MSTR,FINNHUB,Finnhub,2026-01-04T12:31:11+00:00,"Michael Saylor Says Bitcoin Makes MSTR 'Interesting,' But Polymarket Aren't So Sure",https://finnhub.io/api/news?id=be652bfefa0effab7247655bbb269a222570c7e5a656cefc37d87d0cbea87eb0,137985583
top_trade_rate,TSLA,FINNHUB,Finnhub,2026-01-04T12:31:11+00:00,"Michael Saylor Says Bitcoin Makes MSTR 'Interesting,' But Polymarket Aren't So Sure",https://finnhub.io/api/news?id=be652bfefa0effab7247655bbb269a222570c7e5a656cefc37d87d0cbea87eb0,137985583
top_trade_rate,MU,FINNHUB,Finnhub,2026-01-04T12:05:00+00:00,3 Artificial Intelligence Stocks to Buy in 2026 That Could Be Better Picks Than Palantir,https://finnhub.io/api/news?id=dca5ae0ae19b3b23b55c6aadbb83959df1819b91281aa0f83103a97a573b1147,137985650
top_trade_rate,TSLA,FINNHUB,Finnhub,2026-01-04T11:46:36+00:00,Microsoft (MSFT) Stock Moves Lower As Investors Assess Its AI Edge Against Google,https://finnhub.io/api/news?id=c1fea382149d3883297a1a50704ab53fc05c2def0924c1d5ca791383e74fc891,137985605
top_trade_rate,TSLA,FINNHUB,Finnhub,2026-01-04T11:05:00+00:00,Should You Buy Ford While It's Below $15?,https://finnhub.io/api/news?id=8efaf2b38707dea8f3e7c5d9b751082c60bace9ed2808cb24ae2c65d77985707,137985729
top_trade_rate,TSLA,FINNHUB,Finnhub,2026-01-04T10:55:00+00:00,My 3 Favorite Artificial Intelligence Stocks to Buy Right Now,https://finnhub.io/api/news?id=2826dd4cde783a6e2d6642c7b0ab110d5b4cba47bef270b29bdb30571b1a6ce6,137985730
top_trade_rate,TSLA,FINNHUB,Finnhub,2026-01-04T10:30:00+00:00,"Simulation or Not, Musk’s Surreal Year Could Push Him to $1 Trillion Heights",https://finnhub.io/api/news?id=fc7ecc777fce546bb9e491de23789283f2d398c1915c4785bf0b066f577965b8,137985731
top_trade_rate,MU,FINNHUB,Finnhub,2026-01-04T09:50:00+00:00,The S&P 500's Best Stock in 2025 May Soar in 2026 as the Artificial Intelligence (AI) Boom Continues (Hint: Not Palantir),https://finnhub.io/api/news?id=f8ec37e353520bc7c23b56f1e14ef702b404553ac3a5f216c8bd353e321fd57f,137985824
top_trade_rate,SLV,FINNHUB,Finnhub,2026-01-04T09:00:52+00:00,Outlook For 2026 - Three Trends From 2025 That I See Continuing,https://finnhub.io/api/news?id=e1a36a4d7732399608f8128ef70353b94bfbd147bd8d512b9214b23d522d96d7,137980848
top_trade_rate,MU,FINNHUB,Finnhub,2026-01-04T08:55:00+00:00,Think It's Too Late to Buy Micron Stock? Here's the 1 Reason Why There's Still Time.,https://finnhub.io/api/news?id=078e01d827216af2106152c2160315f9636a60c628d792d9624121c5a8880c00,137985958
top_trade_rate,TSLA,FINNHUB,Finnhub,2026-01-04T07:48:08+00:00,Tesla: 2025 Ends On Sour Note,https://finnhub.io/api/news?id=a48b3529aec76fe9965b0fa5ac369d4b394f98a7675fc44e800f800ae2bc7bd2,137980568
top_trade_rate,MU,FINNHUB,Finnhub,2026-01-04T07:20:47+00:00,Top Wall Street analysts suggest these 3 stocks for their growth prospects,https://finnhub.io/api/news?id=75deab7897253e6d79ce8c8ea345541fb74b5f20aafb3dbb5efd0415ba5ef951,137981940
top_trade_rate,NVDA,FINNHUB,Finnhub,2026-01-04T07:05:00+00:00,A Near-Perfect Passive Income Portfolio To Sleep Well In Retirement,https://finnhub.io/api/news?id=4f4502cc078afa83f0df4221a31a9c4ae9f7daa075eb97b9738f7168822afc70,137980363
top_trade_rate,TSLA,FINNHUB,Finnhub,2026-01-04T07:05:00+00:00,A Near-Perfect Passive Income Portfolio To Sleep Well In Retirement,https://finnhub.io/api/news?id=4f4502cc078afa83f0df4221a31a9c4ae9f7daa075eb97b9738f7168822afc70,137980363
top_trade_rate,TSLA,FINNHUB,Finnhub,2026-01-04T05:20:00+00:00,The 5 Hottest Robinhood Stocks to Kick Off 2026,https://finnhub.io/api/news?id=5faf75c132c585aad1e1fbfbf448e171d3059876d7f6e410ceaebac0f2a7f2f7,137985732
top_trade_rate,TSLA,FINNHUB,Finnhub,2026-01-04T05:01:00+00:00,"SpaceX, Private Ventures Fuel Elon Musk’s Trillion-Dollar Dreams",https://finnhub.io/api/news?id=439eb610a70a42e687331bdc1436a9c3deb98c9fbc56caa026b873999c3c81b4,137985733
top_trade_rate,NVDA,FINNHUB,Finnhub,2026-01-04T04:13:09+00:00,Is Nvidia's Valuation Still Justified? What Really Matters Heading Into 2026,https://finnhub.io/api/news?id=215dd79406828222e56bd3d69b4cfcad7ef394c5b06cb456a99e379ad4f8aba4,137979660
top_trade_rate,MU,FINNHUB,Finnhub,2026-01-04T04:04:22+00:00,"CPZ: Unlikely To Outperform, But Could Still Have A Place In A Portfolio",https://finnhub.io/api/news?id=b9d0a0012b3df8f0d025a37e4fbf655a429a2a1fc81fd226b2dad8aa19119219,137979627
top_trade_rate,NVDA,FINNHUB,Finnhub,2026-01-04T04:04:22+00:00,"CPZ: Unlikely To Outperform, But Could Still Have A Place In A Portfolio",https://finnhub.io/api/news?id=b9d0a0012b3df8f0d025a37e4fbf655a429a2a1fc81fd226b2dad8aa19119219,137979627
top_trade_rate,TSLA,FINNHUB,Finnhub,2026-01-04T04:04:22+00:00,"CPZ: Unlikely To Outperform, But Could Still Have A Place In A Portfolio",https://finnhub.io/api/news?id=b9d0a0012b3df8f0d025a37e4fbf655a429a2a1fc81fd226b2dad8aa19119219,137979627
top_trade_rate,AVGO,FINNHUB,Finnhub,2026-01-04T04:04:22+00:00,"CPZ: Unlikely To Outperform, But Could Still Have A Place In A Portfolio",https://finnhub.io/api/news?id=b9d0a0012b3df8f0d025a37e4fbf655a429a2a1fc81fd226b2dad8aa19119219,137979627
top_trade_rate,TSM,FINNHUB,Finnhub,2026-01-04T04:04:22+00:00,"CPZ: Unlikely To Outperform, But Could Still Have A Place In A Portfolio",https://finnhub.io/api/news?id=b9d0a0012b3df8f0d025a37e4fbf655a429a2a1fc81fd226b2dad8aa19119219,137979627
top_trade_rate,APH,FINNHUB,Finnhub,2026-01-04T03:49:31+00:00,"Dividend Champion, Contender, And Challenger Highlights: Week Of January 4",https://finnhub.io/api/news?id=a4226b5aecd5eab4a0358856465bf0b0362c5ab790119453515e3b504f04b383,137979597
top_trade_rate,TSLA,FINNHUB,Finnhub,2026-01-04T03:30:19+00:00,"Perplexity CEO Says On-Device AI Threatens Data Centers As Industry Faces '$10 Trillion Question' — Apple, Qualcomm Positioned To Benefit",https://finnhub.io/api/news?id=575be3c8dc94078afb48e5a91928af5e7e60a8f497157ad6fd5c2f67a152229f,137980074
top_trade_rate,DAL,FINNHUB,Finnhub,2026-01-04T02:55:33+00:00,Airlines scramble to add Caribbean flights after airspace restrictions strand tens of thousands of travelers,https://finnhub.io/api/news?id=16b175a67604f14c7ba88d1766f4ca36f1151f15539bb46738018a3bea7d96a7,137981956
top_trade_rate,TSM,FINNHUB,Finnhub,2026-01-04T01:15:21+00:00,"TSMC Is Relentlessly Getting Stronger, And The Market Is Mispricing It",https://finnhub.io/api/news?id=619e7038e1b24ffe378a5dc772328284926799a11ebcd5f492a055ec40b30112,137978958
top_trade_rate,AVGO,FINNHUB,Finnhub,2026-01-04T00:55:00+00:00,"The Market May Be Underestimating This AI Trend, and These Stocks Are Set to Benefit",https://finnhub.io/api/news?id=a60e7fbeba05ba1a5af7ef76c112d6fbe37631050133300d148af2b05b9fa54d,137985662
top_trade_rate,TSLA,FINNHUB,Finnhub,2026-01-03T19:19:04+00:00,Tesla Q4 Vehicle Deliveries Fall 16% But Analysts Say It's All About The Robotaxi,https://finnhub.io/api/news?id=5e9c59ef8720d78b3a7f6147a3462d6beb36f3a1cd8eaabb577214a28095f657,137985735
top_trade_rate,VLO,FINNHUB,Finnhub,2026-01-03T18:21:00+00:00,The Oil Sector’s Biggest Winners and Losers From Venezuela Regime Change,https://finnhub.io/api/news?id=0c6733df14898c7ce459613fd384ff0af90fcc3e02bdc831e0910513d218c2ac,137986004
top_trade_rate,TSLA,FINNHUB,Finnhub,2026-01-03T14:31:13+00:00,Gavin Newsom Says Trump Making Gaming More Expensive Amid Chip Price Surge,https://finnhub.io/api/news?id=6b63593ec590065c87ede0c9a61264a1caf8e5f7876b3c326e93c0b20bbdbec6,137980082
top_trade_rate,APH,FINNHUB,Finnhub,2026-01-03T13:00:57+00:00,"Google, Other AI Stocks Trade Near Buy Points. One Named 'Top Stock' For 2026",https://finnhub.io/api/news?id=795c6901c61ec4330d9dae20c1ec7bc9fe698bb920277b759b59b1f77390661a,137975466
top_trade_rate,NFLX,FINNHUB,Finnhub,2026-01-03T13:00:51+00:00,Why Investors Are Watching SailGP’s Explosive Audience Growth,https://finnhub.io/api/news?id=52da95f633763352fe9f6f55a7059ef19dc486e2ca678e326955b47707f3619a,137985846
top_trade_rate,INTC,FINNHUB,Finnhub,2026-01-03T12:04:01+00:00,Intel (INTC) Draws Strategic Nvidia Investment as Chip Testing Plans Shift,https://finnhub.io/api/news?id=5c5331f29e32f6ebfec29146bd2312812a384b2c950e3b7cb9d12c8a017215f4,137986271
top_trade_rate,MU,FINNHUB,Finnhub,2026-01-03T12:00:00+00:00,MarketBeat Week in Review – 12/29 - 01/02,https://finnhub.io/api/news?id=282e10982824ebe76f130b114d2edca87faac6d0ffee6b5474195c861a46dfcd,137985609
top_trade_rate,AVGO,FINNHUB,Finnhub,2026-01-03T12:00:00+00:00,MarketBeat Week in Review – 12/29 - 01/02,https://finnhub.io/api/news?id=282e10982824ebe76f130b114d2edca87faac6d0ffee6b5474195c861a46dfcd,137985609
top_trade_rate,NFLX,FINNHUB,Finnhub,2026-01-03T11:41:00+00:00,Netflix Stock Just Keeps Falling. Is It Finally a Buy?,https://finnhub.io/api/news?id=8c5109af58d7f4d1226df82f2d8ce3f989f271004b1b991271c6f503d26928b7,137985847
top_trade_rate,NVDA,FINNHUB,Finnhub,2026-01-03T09:13:00+00:00,I'm Raising My AMD Conviction Into CES 2026 - Here's What Would Prove Me Right,https://finnhub.io/api/news?id=17f745bfef3be2a3564af02dbb89e01b70c625338e8428ebe428c5aea89cbea6,137973221
top_trade_rate,DAL,FINNHUB,Finnhub,2026-01-03T08:30:37+00:00,Airlines cancel dozens of Caribbean flights after U.S. attacks on Venezuela,https://finnhub.io/api/news?id=11ff33304b2d764bcd0f9290da70191fd62e1f422b65b81b5addffca5cbdebfe,137974632
top_trade_rate,AVGO,FINNHUB,Finnhub,2026-01-03T08:15:00+00:00,The Silver Spoon Investor: Building A Generational Dividend Growth Machine,https://finnhub.io/api/news?id=5386f449946af409cb847571c2cdbb6235f7f077301803967c402557ac55847a,137972825
top_trade_rate,AVGO,FINNHUB,Finnhub,2026-01-03T08:00:00+00:00,"5 Relatively Secure And Cheap Dividend Stocks, Yields Up To 8% (January 2026)",https://finnhub.io/api/news?id=02536c3f4302ee7821819540ff92f231361cb3103c3759bb95af786875f7389f,137972707
top_trade_rate,APH,FINNHUB,Finnhub,2026-01-03T08:00:00+00:00,"5 Relatively Secure And Cheap Dividend Stocks, Yields Up To 8% (January 2026)",https://finnhub.io/api/news?id=02536c3f4302ee7821819540ff92f231361cb3103c3759bb95af786875f7389f,137972707
top_trade_rate,SLV,FINNHUB,Finnhub,2026-01-03T07:05:00+00:00,I've Never Been More Bullish On This Overlooked De-Dollarization Market Shift,https://finnhub.io/api/news?id=21b55c33b5c8cda1b70354d591f12c20cef68ea6b533450b19bdf1c76e7509ac,137972460
top_trade_rate,NVDA,FINNHUB,Finnhub,2026-01-03T07:00:00+00:00,"ESGV: Still Ahead Of The Benchmark, But Some Peers Are More Compelling",https://finnhub.io/api/news?id=6a8664b7edaa8596b68738712e77f5bcc157517e2a9081f516211803a8e4979d,137972463
top_trade_rate,AVGO,FINNHUB,Finnhub,2026-01-03T07:00:00+00:00,"ESGV: Still Ahead Of The Benchmark, But Some Peers Are More Compelling",https://finnhub.io/api/news?id=6a8664b7edaa8596b68738712e77f5bcc157517e2a9081f516211803a8e4979d,137972463
top_trade_rate,NVDA,FINNHUB,Finnhub,2026-01-03T06:09:18+00:00,AMD: Growth At An Unreasonable Price,https://finnhub.io/api/news?id=76af0c60aa92b3631b8f78fcdec42fc00849337f906254db5e3cb2934093a9a6,137972274
top_trade_rate,IREN,FINNHUB,Finnhub,2026-01-03T05:58:56+00:00,The Market Rates IREN Limited As Lower Risk Than The Competition,https://finnhub.io/api/news?id=63206830f667b056ebefe0857b316a7cd77b432e7a9e051d911840f989978a50,137972173
top_trade_rate,NVDA,FINNHUB,Finnhub,2026-01-03T03:55:33+00:00,2026 Outlook: Why 3.1 Is A Game-Changer For Nebius,https://finnhub.io/api/news?id=ef54f8530fa361c3e550b70b7588829ce56fd5a199db6d8e6ac6e6996ed096c0,137971620
top_trade_rate,AVGO,FINNHUB,Finnhub,2026-01-03T02:19:19+00:00,"MaxLinear Shows Signs Of Life, But The Outlook Remains Cloudy",https://finnhub.io/api/news?id=35c4af9471461c79fb1607fe6049b8f137f4ce295e12c5bfe618b7c582d333b4,137971154
top_trade_rate,SLV,FINNHUB,Finnhub,2026-01-03T01:00:00+00:00,Will The Silver Boom Raise The Price Of Tech?,https://finnhub.io/api/news?id=0dce139d233a3003fbefdc00a2835143b281703b9e3a47f334b056cbd76dc301,137970783
top_trade_rate,MU,FINNHUB,Finnhub,2026-01-03T00:41:38+00:00,Micron’s (MU) 2026 Outlook Strengthens as Memory Pricing Improves,https://finnhub.io/api/news?id=e252b7335c654847a77267bb3e43b5bee7c3362160f6f767fbfc194ed739b413,137985960
top_trade_rate,UCO,FINNHUB,Finnhub,2026-01-02T23:35:00+00:00,"The AI Boom: Innovation, Euphoria, And The Risk Of A Bubble",https://finnhub.io/api/news?id=3de594efa9a407ccfc496ed4073895f35226956c152b1aa39a5412a63ab36516,137970386
top_trade_rate,UNG,FINNHUB,Finnhub,2026-01-02T23:35:00+00:00,"The AI Boom: Innovation, Euphoria, And The Risk Of A Bubble",https://finnhub.io/api/news?id=3de594efa9a407ccfc496ed4073895f35226956c152b1aa39a5412a63ab36516,137970386
top_trade_rate,VLO,FINNHUB,Finnhub,2026-01-02T23:15:07+00:00,Valero Energy (VLO) Beats Stock Market Upswing: What Investors Need to Know,https://finnhub.io/api/news?id=04fefdfedbf511ad3fd28bd8f9792c157ec9a90b44335eb29bb6d31aba3eb187,137973610
top_trade_rate,INTC,FINNHUB,Finnhub,2026-01-02T22:45:15+00:00,"Stock Market Today, Jan. 2: Dow Climbs After Industrials Outperform on Rotation Away From Mega Cap Tech",https://finnhub.io/api/news?id=534af171c941dfd3eb137e03b5f5a86620b3b489b35d4fc87e69916459d635ef,137986272
top_trade_rate,NFLX,FINNHUB,Finnhub,2026-01-02T22:45:08+00:00,Netflix (NFLX) Stock Slides as Market Rises: Facts to Know Before You Trade,https://finnhub.io/api/news?id=647380237667f629f55580b4ffaff86f85d7a5abd0638d172bc2a6aa07d47e76,137985848
top_trade_rate,MU,FINNHUB,Finnhub,2026-01-02T22:29:15+00:00,"Stock Market Today, Jan. 2: Micron Surges as Bernstein Hikes Price Target 20%",https://finnhub.io/api/news?id=24b27371d25ffd9c95cb30ba89eec43fe635ceed3c6ef50faf143b870272387a,137985961
top_trade_rate,NFLX,FINNHUB,Finnhub,2026-01-02T22:25:00+00:00,Forget 2025: These 3 Growth Stocks Could Soar in 2026,https://finnhub.io/api/news?id=ad7c9d77b48cb6188912f385f6541237ab51947c19c56089c36554ce9e39d9ae,137985773
top_trade_rate,MSTR,FINNHUB,Finnhub,2026-01-02T22:21:01+00:00,Wall Street legend asks shareholders to approve huge equity expansion,https://finnhub.io/api/news?id=d34bd546d92c3d3e1b5bc9674bee1078ddd3795167088effc14854edca2f0acd,137969698
top_trade_rate,DAL,FINNHUB,Finnhub,2026-01-02T22:20:00+00:00,"The Score: Lululemon, Tesla, Delta, Nike and More Stocks That Defined the Week",https://finnhub.io/api/news?id=561027a7defc786ab2d3e0f0cfb4451f66d9bfb09ff13687a89578736c997209,137986548
top_trade_rate,MU,FINNHUB,Finnhub,2026-01-02T21:45:58+00:00,US Equity Indexes Kick Off New Year on Mixed Note Amid Declines in Consumer Discretionary,https://finnhub.io/api/news?id=09f4da0f08449ecfbb48dbc3081f44f37af6c7932ec14ee3c4bb3b7fecac72b0,137985962
top_trade_rate,NFLX,FINNHUB,Finnhub,2026-01-02T21:43:03+00:00,Netflix Stock Sinks Into The Upside Down Despite 'Stranger Things' Success,https://finnhub.io/api/news?id=d1976637a3470bdaa94ebfb6de33413168b9a113dbfbe517454dcb74a4f4deb9,137985850
top_trade_rate,MU,FINNHUB,Finnhub,2026-01-02T21:36:39+00:00,"Stocks to Watch Friday: Tesla, Baidu, Micron, Wayfair",https://finnhub.io/api/news?id=ab04a50cc9cc060b4f67141491c850a9ac482304f8240d80a5ecdec5816b3818,137971439
top_trade_rate,MU,FINNHUB,Finnhub,2026-01-02T21:20:00+00:00,"These Stocks Moved the Most Today: Tesla, Baidu, Western Digital, Micron, RH, Vertiv, Sable Offshore, AppLovin, and More",https://finnhub.io/api/news?id=95e2ce28ac0a0d0cd45ece741653fd70d4298b4fc6812736ec84b569cdaaf71e,137971440
top_trade_rate,INTC,FINNHUB,Finnhub,2026-01-02T21:02:24+00:00,"CES 2026: Nvidia, AMD, Intel, & more to make announcements",https://finnhub.io/api/news?id=516bfcd4d617a46f3b33ea98e33ef0af5ef5433978b7fe22eb9f9d57bb4a45a2,137985893
top_trade_rate,MU,FINNHUB,Finnhub,2026-01-02T21:00:39+00:00,"US Equity Markets Rise, Carried by Tech, Healthcare Sectors",https://finnhub.io/api/news?id=f907ffe7dcd9cddafeea42765652406892f03f64049a2b74304539582e0f456c,137985965
top_trade_rate,MU,FINNHUB,Finnhub,2026-01-02T21:00:33+00:00,"Stock market today: Dow, S&P 500 edge higher to kick off 2026, semiconductor stocks rally",https://finnhub.io/api/news?id=d552bb952a1c8104648f19cc8a3bb1223147e77c22ffe9e89f4fe421eed2e457,137985894
top_trade_rate,AVGO,FINNHUB,Finnhub,2026-01-02T21:00:06+00:00,"Funds Plow Money Into AppLovin, Broadcom, Google — And This Top 100 Stock",https://finnhub.io/api/news?id=2546a0e5e71b38914b9780fe361fb76871f93852fe0e0fa869ec592b05757ba0,137970630
top_trade_rate,MU,FINNHUB,Finnhub,2026-01-02T20:55:31+00:00,US Equity Indexes Mixed in Final Leg of Trading,https://finnhub.io/api/news?id=1808a63fbab72c6ec8e4ecc7540e395447cdf61ccfa2b63ea55a7ae34acf93ab,137985967
top_trade_rate,OTLK,FINNHUB,Finnhub,2026-01-02T20:53:59+00:00,Sector Update: Health Care Stocks Advance Late Afternoon,https://finnhub.io/api/news?id=f1cc3677c9543a11bfe7d7b13f264bc4020c9579384041dc12665662b95b8c07,137983438
top_trade_rate,MSTR,FINNHUB,Finnhub,2026-01-02T20:44:26+00:00,Michael Saylor’s Strategy Nears “Danger Zone” as mNAV Threatens to Slip Below 1,https://finnhub.io/api/news?id=9a68d16036124597850baab7cf29c31ca1b36f0be02869ac894b910d0a8c0c06,137987377
top_trade_rate,MU,FINNHUB,Finnhub,2026-01-02T20:07:15+00:00,Micron Stock Just Moved Into Overbought Territory After Massive 2025 Run. Is It Too Late to Buy MU Shares?,https://finnhub.io/api/news?id=186db9fc77786e1e0beffd0d9930b6791a4bfef75649b5059f43464fc7fd5616,137985968
top_trade_rate,INTC,FINNHUB,Finnhub,2026-01-02T20:04:36+00:00,Super Micro Computer Just Launched a New AI Server. Should You Buy SMCI Stock Today?,https://finnhub.io/api/news?id=cafe38fbe2c405e09f5a951c33886e74e89403cfacb1e32b17f5a7022306b9b0,137986274
top_trade_rate,MU,FINNHUB,Finnhub,2026-01-02T20:00:00+00:00,3 AI Stocks Poised to Surge on the January Effect,https://finnhub.io/api/news?id=5313c497ecb6332bd8c6327658f7aa020a8e52b2ca71b54f0596e920a38c897c,137969357
top_trade_rate,NVDA,FINNHUB,Finnhub,2026-01-02T19:59:00+00:00,"SCHG: A Superb Growth Oriented, Big-Tech Weighted ETF For 2026",https://finnhub.io/api/news?id=18961075df3be04ec63ef7991bd0597ceb07dda8959bb94cdaae24295d3b10d7,137969527
top_trade_rate,AVGO,FINNHUB,Finnhub,2026-01-02T19:59:00+00:00,"SCHG: A Superb Growth Oriented, Big-Tech Weighted ETF For 2026",https://finnhub.io/api/news?id=18961075df3be04ec63ef7991bd0597ceb07dda8959bb94cdaae24295d3b10d7,137969527
top_trade_rate,NVDA,FINNHUB,Finnhub,2026-01-02T19:44:00+00:00,Top 15 High-Growth Dividend Stocks For January 2026,https://finnhub.io/api/news?id=2e131b6a33cad023c21fc1d25a723a3c122e589f906b49e349347efcf563aa95,137969464
top_trade_rate,AVGO,FINNHUB,Finnhub,2026-01-02T19:44:00+00:00,Top 15 High-Growth Dividend Stocks For January 2026,https://finnhub.io/api/news?id=2e131b6a33cad023c21fc1d25a723a3c122e589f906b49e349347efcf563aa95,137969464
top_trade_rate,APH,FINNHUB,Finnhub,2026-01-02T19:44:00+00:00,Top 15 High-Growth Dividend Stocks For January 2026,https://finnhub.io/api/news?id=2e131b6a33cad023c21fc1d25a723a3c122e589f906b49e349347efcf563aa95,137969464
top_trade_rate,MU,FINNHUB,Finnhub,2026-01-02T19:34:33+00:00,Why Micron Stock Is Jumping Today,https://finnhub.io/api/news?id=f169ef18bd971b52d6ec0fce5388847b5be35a3bd780ca6cd62b17483cebd22b,137985970
top_trade_rate,INTC,FINNHUB,Finnhub,2026-01-02T19:34:26+00:00,Intel Stock Rises as Panther Lake Launch and Foundry Ambitions Drive Optimism,https://finnhub.io/api/news?id=bca114e025f3ffdbfa11f80129d75c8cfcff8c90870717e943a0e944f82b92cb,137985896
top_trade_rate,NFLX,FINNHUB,Finnhub,2026-01-02T19:34:17+00:00,AMC Turns Stranger Things Into $15 Million,https://finnhub.io/api/news?id=f08d72fe45035db5b8be725363c5c33d53ea0a6d348d4ffa10401d2482b936eb,137985851
top_trade_rate,DAL,FINNHUB,Finnhub,2026-01-02T19:30:00+00:00,Air travel 2026 outlook: Analyst predictions,https://finnhub.io/api/news?id=e462a3ff6fb11f82ac6f6f7d6f71806f79af5f305b6fe785a27086f3637a2913,137986835
top_trade_rate,MU,FINNHUB,Finnhub,2026-01-02T19:20:00+00:00,The Memory Market Is Going to Boom in 2026: 1 Top Stock to Buy Hand Over Fist Before It Skyrockets (Hint: It's Not Micron),https://finnhub.io/api/news?id=b146debfa8cd58f525f2b14b47b17ec4c1ee59764ea3d031558a5fbd78477bd2,137985971
top_trade_rate,INTC,FINNHUB,Finnhub,2026-01-02T18:46:16+00:00,Why Are Super Micro (SMCI) Shares Soaring Today,https://finnhub.io/api/news?id=64bfb30ff9757bb0fa1ac691edab58bca5f77be7c3de4004596ab7334603d5a4,137986276
top_trade_rate,MSTR,FINNHUB,Finnhub,2026-01-02T18:45:50+00:00,"Strategy (MSTR) Stock Is Up, What You Need To Know",https://finnhub.io/api/news?id=699aba519164a827dcd3364afb9e7330170fd0ac5bcb5edba2a8aac3b495a915,137987378
top_trade_rate,MSTR,FINNHUB,Finnhub,2026-01-02T18:22:32+00:00,Bitcoin Reclaims $90K as U.S. Buying Returns – Has the Tax-Drag Finally Ended?,https://finnhub.io/api/news?id=ac32a446f0233a3105e0108e0c35d1144b9ed9dcd74bbe4c4dd4a199b35f5e9c,137987379
top_trade_rate,TSLA,FINNHUB,Finnhub,2026-01-02T17:49:20+00:00,"Expect cheaper EVs to boost demand for Tesla this year, says Stifel's Stephen Gengaro",https://finnhub.io/api/news?id=5202a7c8dd05ef27c2ad9c8dcaa2821c011bf7dbb414eec72ec532de96bf55e1,137974451
top_trade_rate,AVGO,FINNHUB,Finnhub,2026-01-02T17:43:00+00:00,Is Broadcom Stock a Buy After the Dip?,https://finnhub.io/api/news?id=df52f8464f1eb0716544fb4aa1663cfb80a1c4f55cb92311ed7bd9967ad70ea8,137985665
top_trade_rate,NVDA,FINNHUB,Finnhub,2026-01-02T17:15:06+00:00,Churchill Capital X: Reading The Tea Leaves On Infleqtion,https://finnhub.io/api/news?id=e4cd687e57613fd6191c3020a001f5e603afc52e5182123aa52baa90d23c69a1,137968919
top_trade_rate,DAL,FINNHUB,Finnhub,2026-01-02T16:44:00+00:00,Is SkyWest's Cheap Valuation Reason Enough to Buy the Stock?,https://finnhub.io/api/news?id=13bf9e7c131717be53a0e091796f3d0919abec70e9f119eae4cab0572e495b87,137986837
top_trade_rate,NVDA,FINNHUB,Finnhub,2026-01-02T16:39:53+00:00,AI: Still Early Innings In 2026,https://finnhub.io/api/news?id=7412e8878a78612408c8b764b0fbf0c8c58e7ce98da7473752e01bc8d307fa8e,137968829
top_trade_rate,AVGO,FINNHUB,Finnhub,2026-01-02T16:39:53+00:00,AI: Still Early Innings In 2026,https://finnhub.io/api/news?id=7412e8878a78612408c8b764b0fbf0c8c58e7ce98da7473752e01bc8d307fa8e,137968829
top_trade_rate,XPEV,FINNHUB,Finnhub,2026-01-02T16:22:44+00:00,EV Wars: Who Won In December?,https://finnhub.io/api/news?id=18773a990a7693fbff41b9066fbc6be2a746102ddb2bd92ffeb59719eab7c7a2,137968771
top_trade_rate,SLV,FINNHUB,Finnhub,2026-01-02T16:21:41+00:00,"$80 Silver Is Still A Grossly Overvalued Sell, It's Not A Buy",https://finnhub.io/api/news?id=1a32592e9a5a3217f2febe54ce9284b7de7763b5cf6afba550f259ece34d4e2b,137968772
top_trade_rate,INTC,FINNHUB,Finnhub,2026-01-02T16:16:55+00:00,"Bitcoin pushes above $90,000 as traders eye change in pattern",https://finnhub.io/api/news?id=8d8dd67f9724253499c63c0a5543564e2c29454cc406010c8b5ddd9c1c5f0c8b,137985666
top_trade_rate,AVGO,FINNHUB,Finnhub,2026-01-02T16:16:55+00:00,"Bitcoin pushes above $90,000 as traders eye change in pattern",https://finnhub.io/api/news?id=8d8dd67f9724253499c63c0a5543564e2c29454cc406010c8b5ddd9c1c5f0c8b,137985666
top_trade_rate,MSTR,FINNHUB,Finnhub,2026-01-02T16:10:46+00:00,Michael Saylor’s Strategy flirts again with the danger threshold at which his company is worth less than his Bitcoin,https://finnhub.io/api/news?id=c4fb018046cc1ff1dd44ae723cef7fa59d57d4c3709b13da171846afc7845be9,137987380
top_trade_rate,NFLX,FINNHUB,Finnhub,2026-01-02T16:05:00+00:00,2 Unstoppable Stocks to Buy in 2026 and Hold Forever,https://finnhub.io/api/news?id=0d6e92acb4b295b02e77b858ee3f8ba234f1b985873df174492687183f20f333,137985852
top_trade_rate,INTC,FINNHUB,Finnhub,2026-01-02T16:01:28+00:00,Why Is Intel (INTC) Stock Soaring Today,https://finnhub.io/api/news?id=197f5b15e09db7ba00588a0bc85db57b752cbcf0eec95237e5511cb612747983,137986278
top_trade_rate,AVGO,FINNHUB,Finnhub,2026-01-02T16:01:04+00:00,Why Are AMD (AMD) Shares Soaring Today,https://finnhub.io/api/news?id=eb62821605f6101f86b1bccd75d63c7be039b6504c66658034416a699ea967d8,137985667
top_trade_rate,INTC,FINNHUB,Finnhub,2026-01-02T15:30:17+00:00,BC-Most Active Stocks,https://finnhub.io/api/news?id=b9606c65d86a34224570d63edc4898206a0ce77c9df6215b09319f23388febde,137969363
top_trade_rate,OTLK,FINNHUB,Finnhub,2026-01-02T15:30:17+00:00,BC-Most Active Stocks,https://finnhub.io/api/news?id=b9606c65d86a34224570d63edc4898206a0ce77c9df6215b09319f23388febde,137969363
top_trade_rate,IREN,FINNHUB,Finnhub,2026-01-02T15:21:35+00:00,IREN: Power To Compute Is Building The Moat (Rating Upgrade),https://finnhub.io/api/news?id=4bcb78cbd5ec6e7cf56426f7259520d80b4e5e9d77441bc14e72d3d128bb444c,137968515
top_trade_rate,TSLA,FINNHUB,Finnhub,2026-01-02T15:17:02+00:00,"QQQ: Ignore The Strong GDP Print, Sales Growth Is Falling Fast",https://finnhub.io/api/news?id=af5568c8fd407ea672285132b7f73fb5d01f84d0b2d61e3e6847d3a02671b662,137968354
top_trade_rate,INTC,FINNHUB,Finnhub,2026-01-02T15:05:00+00:00,"Nvidia, AMD, and Broadcom Are Facing Off. How the 2026 AI Chips Battle Is Shaping Up.",https://finnhub.io/api/news?id=8743e50b972b63d0a1b27096ec1e1d50e21784a97d26464a25e9d7b5208b50db,137985668
top_trade_rate,AVGO,FINNHUB,Finnhub,2026-01-02T15:05:00+00:00,"Nvidia, AMD, and Broadcom Are Facing Off. How the 2026 AI Chips Battle Is Shaping Up.",https://finnhub.io/api/news?id=8743e50b972b63d0a1b27096ec1e1d50e21784a97d26464a25e9d7b5208b50db,137985668
top_trade_rate,INTC,FINNHUB,Finnhub,2026-01-02T15:02:13+00:00,Intel Sees Strong Institutional Backing Amid 62% Ownership,https://finnhub.io/api/news?id=96a3272a0cdfc38c1a3fc719dc0088fe651ab8c4110a51a119dd6c137b81855d,137986281
top_trade_rate,MSTR,FINNHUB,Finnhub,2026-01-02T15:00:02+00:00,"As MicroStrategy Buys $109 Million of Bitcoin, Should You Buy MSTR Stock?",https://finnhub.io/api/news?id=7bd65a2209e01b9aada37059ed93be03c9093a3ef53eb92620a487b922317f93,137987381
top_trade_rate,NVDA,FINNHUB,Finnhub,2026-01-02T14:30:07+00:00,What to know about Nvidia's massive spending spree,https://finnhub.io/api/news?id=e091c2aa643245d121cb2c82d583e3b1d7593daf81e06ece957f881a55938dcf,137974434
top_trade_rate,APH,FINNHUB,Finnhub,2026-01-02T14:23:00+00:00,BigBear.ai Strengthens Position With $250M Ask Sage Acquisition,https://finnhub.io/api/news?id=923c29215f3e3352d46aaffbf169b8ac0231d193f32f1c0060870dc945a13a87,137986294
top_trade_rate,SLV,FINNHUB,Finnhub,2026-01-02T14:20:30+00:00,Silver And Gold: Get Used To And Exploit Elevated Volatility,https://finnhub.io/api/news?id=9490dc93c0c8a85e111382620197cc420a49234f389c0b9ba81141d0c49f9fa5,137967796
top_trade_rate,OTLK,FINNHUB,Finnhub,2026-01-02T14:19:53+00:00,US Equity Futures Rise Friday at Start of New Year Following Lead of European Markets,https://finnhub.io/api/news?id=461335fec2aec4989cc730a4a49d5b5a8f7cf638f73b343937e2dbfdcf31e484,137980796
top_trade_rate,TSLA,FINNHUB,Finnhub,2026-01-02T14:13:14+00:00,"Anticipating Tesla to scale-up CyberCab production in 2026, says Canaccord Genuity's Gianarikas",https://finnhub.io/api/news?id=c736f2cea7e8b5ce971b1fe9f9e028843c84c2f2cb4c2efa88dedd60d6555e52,137974452
top_trade_rate,AVGO,FINNHUB,Finnhub,2026-01-02T14:10:34+00:00,Benchmark Boosts Broadcom’s (AVGO) Price Target Amid AI Chip Growth,https://finnhub.io/api/news?id=8643edbae54036783f9a4593ba9e32c6da227771997dab3abb605a175f61af9d,137985669
top_trade_rate,NFLX,FINNHUB,Finnhub,2026-01-02T14:09:00+00:00,AMC Theatres Declares Netflix’s Stranger Things Series Finale Theatrical Event a Triumph; More Joint Netflix-AMC Cooperation Envisioned in 2026 and Beyond,https://finnhub.io/api/news?id=6b02e149d2b63577c434483b8e3472856d4f6d2dff82d4a9f95e5ce067593aa3,137985853
top_trade_rate,AVGO,FINNHUB,Finnhub,2026-01-02T14:07:34+00:00,Is Capital Group Dividend Value ETF Good For Retirees? | CGDV,https://finnhub.io/api/news?id=9f597af8a183424219e5283cbc6b9c3cbf97ed71790c3485410e5a4328c2f9fd,137985670
top_trade_rate,INTC,FINNHUB,Finnhub,2026-01-02T14:05:52+00:00,CES 2026: What to expect from the tech industry’s biggest show of the year,https://finnhub.io/api/news?id=f510ee362243316f8626daf0cf809249827aa0978d2c922250a69e7bfdbfffa8,137985903
top_trade_rate,MU,FINNHUB,Finnhub,2026-01-02T14:04:46+00:00,Micron's Quiet Pricing Power Is Reshaping The AI Boom,https://finnhub.io/api/news?id=895ddd108554cd10c32f19287c4a960108ae9719ff2546833ba5a24f7db8cc4d,137967606
top_trade_rate,NVDA,FINNHUB,Finnhub,2026-01-02T14:04:46+00:00,Micron's Quiet Pricing Power Is Reshaping The AI Boom,https://finnhub.io/api/news?id=895ddd108554cd10c32f19287c4a960108ae9719ff2546833ba5a24f7db8cc4d,137967606
top_trade_rate,INTC,FINNHUB,Finnhub,2026-01-02T13:58:00+00:00,Can Intel Stock Replicate Its Stellar 2025 Performance This Year?,https://finnhub.io/api/news?id=52421acd657b6dc84ce1b98ff2ffd60e93ebf343a3f8d18a6c868b7727df675e,137985904
top_trade_rate,AVGO,FINNHUB,Finnhub,2026-01-02T13:57:00+00:00,MRVL's Custom Silicon Business Scales Up: What's Coming Next?,https://finnhub.io/api/news?id=ec69cf500cc7fa38b37e4186f50df7a2b733e17af5cc85340e060eee7303d28e,137985671
top_trade_rate,INTC,FINNHUB,Finnhub,2026-01-02T13:49:27+00:00,We Asked ChatGPT What the Top-Performing Stocks of 2026 Will Be: Do Investing Experts Agree?,https://finnhub.io/api/news?id=63e02a32ed7ae3bfb113ecae9f3c4d73db16af0b86dbabf065aa3b39a493ef24,137985906
top_trade_rate,INTC,FINNHUB,Finnhub,2026-01-02T13:46:35+00:00,"Exchange-Traded Funds, Equity Futures Higher Ahead of First Trading Day of 2026",https://finnhub.io/api/news?id=0ff8d065ae074bbf81ed8505885cbe7eb58b12539e88a36c0b91167ec69b2ec5,137967971
top_trade_rate,INTC,FINNHUB,Finnhub,2026-01-02T13:34:38+00:00,"Equities to Get Boost From Robust Earnings in 2026 But Near-Term Fed Path Uncertain, Analysts Say",https://finnhub.io/api/news?id=0d70c776be973f542f751cd8740ebfee4ab847d5fa863009756b1d4f91d47745,137975874
top_trade_rate,TSLA,FINNHUB,Finnhub,2026-01-02T13:30:00+00:00,The '500 Robotaxis Vs. 3-5 Cars' Debate Is The Wrong Fight - Here's The Right Way To Underwrite Tesla's Robotaxi Story,https://finnhub.io/api/news?id=136e1cfe633bc00b6f1ae8d04132d4631089478d32f0ce944da80128ac0b65bf,137967327
top_trade_rate,INTC,FINNHUB,Finnhub,2026-01-02T13:20:00+00:00,Find the Next NVIDIA With This Semiconductor ETF,https://finnhub.io/api/news?id=f5fdadd0c7753b3191cc4b31d9a2b66eb453ef2f3c67d14cf61e08c8d2bc2d7e,137985907
top_trade_rate,INTC,FINNHUB,Finnhub,2026-01-02T13:13:58+00:00,Trade Tracker: Kevin Simpson buys Intel and more Boeing,https://finnhub.io/api/news?id=044806a0ab51464b3e6b9acd8ac336ec225ec69bfe73e06a675bfd30711a80d8,137974485
top_trade_rate,NVDA,FINNHUB,Finnhub,2026-01-02T13:05:14+00:00,3 Key AI Signposts In 2026,https://finnhub.io/api/news?id=5877a1756b949529a8b2227774671466b709fb0517f03684e1ad3df04840f899,137966976
top_trade_rate,NVDA,FINNHUB,Finnhub,2026-01-02T13:01:57+00:00,Why Amazon Could Lead The Mag 7 In 2026,https://finnhub.io/api/news?id=de6db42f225af9ce903d3a3fb0966aa0ee7bafff9dab52e2357c82856711a141,137966978
top_trade_rate,TSLA,FINNHUB,Finnhub,2026-01-02T13:01:57+00:00,Why Amazon Could Lead The Mag 7 In 2026,https://finnhub.io/api/news?id=de6db42f225af9ce903d3a3fb0966aa0ee7bafff9dab52e2357c82856711a141,137966978
top_trade_rate,NVDA,FINNHUB,Finnhub,2026-01-02T12:45:51+00:00,'Queen City' Charlotte was the king of the stock market in 2025,https://finnhub.io/api/news?id=7aa8847ab1ad897746f499b6732de6f802cbc26ff2c2ace7b11aababa0fe1de3,137966883
top_trade_rate,AVGO,FINNHUB,Finnhub,2026-01-02T12:45:51+00:00,'Queen City' Charlotte was the king of the stock market in 2025,https://finnhub.io/api/news?id=7aa8847ab1ad897746f499b6732de6f802cbc26ff2c2ace7b11aababa0fe1de3,137966883
top_trade_rate,OTLK,FINNHUB,Finnhub,2026-01-02T12:29:57+00:00,"Baidu, ASML, furniture stocks rise; Outlook Therapeutics sinks",https://finnhub.io/api/news?id=3fe381a78ee9829b871bba29b9a9bb684881f4fa0b60573e91dd5119701b3f32,137983441
top_trade_rate,SLV,FINNHUB,Finnhub,2026-01-02T12:15:10+00:00,Silver: Naked Longs Get Taken Out On COMEX Default Theories,https://finnhub.io/api/news?id=9c1a6760f4e3f4524ae9de4863dd31e32bcf5a0dc406f38dfef90773b255a568,137966509
top_trade_rate,VLO,FINNHUB,Finnhub,2026-01-02T12:13:00+00:00,Will the Oil Price Environment Aid PSX's Refining Operations?,https://finnhub.io/api/news?id=28df3be26d96e6c0a81707e4c5c034791d623b54d52657fceccb528a15dfd607,137986730
top_trade_rate,VLO,FINNHUB,Finnhub,2026-01-02T12:11:00+00:00,Is the Current Oil Price Favorable for VLO's Refining Operations?,https://finnhub.io/api/news?id=d347ee7268670981ba0799c9848fd42a02f7e0a7136c8f937b8e16eb2712d32e,137986731
top_trade_rate,INTC,FINNHUB,Finnhub,2026-01-02T12:00:31+00:00,"With 62% institutional ownership, Intel Corporation (NASDAQ:INTC) is a favorite amongst the big guns",https://finnhub.io/api/news?id=6de6fbdaa035ad67ba35ea7182b5549112d5cde578b6f682d87d9122ac79c7de,137986288
top_trade_rate,DAL,FINNHUB,Finnhub,2026-01-02T11:52:43+00:00,U.S. Airline Stocks: Top Picks for 2026 After a Turbulent 2025,https://finnhub.io/api/news?id=4ccd2257903e45061b2fd4b908eb7d108c6c99ef5ebb60f9635eee13a64ae9a3,137986838
top_trade_rate,MU,FINNHUB,Finnhub,2026-01-02T11:48:29+00:00,Chip stocks rally to start 2026 after third-straight winning year,https://finnhub.io/api/news?id=ea06d1359a1c4243e69de699b7460859b76f54b747e99b38b3a80c77d78cf9f7,137966523
top_trade_rate,INTC,FINNHUB,Finnhub,2026-01-02T11:48:29+00:00,Chip stocks rally to start 2026 after third-straight winning year,https://finnhub.io/api/news?id=ea06d1359a1c4243e69de699b7460859b76f54b747e99b38b3a80c77d78cf9f7,137966523
top_trade_rate,NVDA,FINNHUB,Finnhub,2026-01-02T11:48:29+00:00,Chip stocks rally to start 2026 after third-straight winning year,https://finnhub.io/api/news?id=ea06d1359a1c4243e69de699b7460859b76f54b747e99b38b3a80c77d78cf9f7,137966523
top_trade_rate,NVDA,FINNHUB,Finnhub,2026-01-02T11:39:43+00:00,IREN: Building Its True Moat For Long-Term Value Creation,https://finnhub.io/api/news?id=53ec592afa2e39072acf5e1775edcaf4cd9a5b41db4178d84635f12d0694b0c3,137966284
top_trade_rate,IREN,FINNHUB,Finnhub,2026-01-02T11:39:43+00:00,IREN: Building Its True Moat For Long-Term Value Creation,https://finnhub.io/api/news?id=53ec592afa2e39072acf5e1775edcaf4cd9a5b41db4178d84635f12d0694b0c3,137966284
top_trade_rate,NFLX,FINNHUB,Finnhub,2026-01-02T11:30:30+00:00,2026 portfolios: Why this strategist is watching these 5 stocks,https://finnhub.io/api/news?id=375c525de68794fa8d855d9eca288d2d2465ca327dd30e4592071b3ea5506cf9,137985854
top_trade_rate,MSTR,FINNHUB,Finnhub,2026-01-02T11:29:36+00:00,Bitcoin May Plunge After January FOMC Meeting,https://finnhub.io/api/news?id=7db7c45cafa8bb66e080f9135e4011d55c7270f8daf0c310a000d3708e343864,137966254
top_trade_rate,IBIT,FINNHUB,Finnhub,2026-01-02T11:29:36+00:00,Bitcoin May Plunge After January FOMC Meeting,https://finnhub.io/api/news?id=7db7c45cafa8bb66e080f9135e4011d55c7270f8daf0c310a000d3708e343864,137966254
top_trade_rate,TSLA,FINNHUB,Finnhub,2026-01-02T10:34:59+00:00,"Tesla’s biggest competitor right now is BYD, says Roth Capital Partners’ Craig Irwin",https://finnhub.io/api/news?id=f0f7663106aa81ef0ca58ca7b122a4b10cbcd2c3e977a8d2da8cfd6491f6e654,137966584
top_trade_rate,NVDA,FINNHUB,Finnhub,2026-01-02T10:23:36+00:00,Vertiv Holdings Can Go Higher In 2026,https://finnhub.io/api/news?id=7b259f6874b9e27c3863c4b38e09abad07ea46f9a8740aa2acc60a87378a1dc9,137965652
