symbol,provider,provider_name,time,time_utc,articleId,headline,headline_raw
SOPA,DJ-N,Dow Jones Global Equity Trader,2026-01-01 02:15:00,2026-01-01T02:15:00+00:00,DJ-N$1d2185b2,Press Release: Society Pass Incorporated Announces Closing of $3 Million Public Offering of Common Stock Priced At Premium to Market Under Nasdaq Rules,"{A:800015,800015:L:en,en:K:-0.48:C:0.47791600227355957}Press Release: Society Pass Incorporated Announces Closing of $3 Million Public Offering of Common Stock Priced At Premium to Market Under Nasdaq Rules"
VSME,DJ-N,Dow Jones Global Equity Trader,2026-01-01 02:07:00,2026-01-01T02:07:00+00:00,DJ-N$1d217eb4,Press Release: VS Media Holdings Limited announces 1-for-20 Share Combination,"{A:800015,800015:L:en,en:K:0.81:C:0.8126338124275208}Press Release: VS Media Holdings Limited announces 1-for-20 Share Combination"
VSME,DJ-N,Dow Jones Global Equity Trader,2026-01-01 02:07:00,2026-01-01T02:07:00+00:00,DJ-N$1d217ea6,Press Release: VS Media Holdings Limited announces 1-for-20 Share Combination,"{A:800015,800015:L:en,en:K:0.81:C:0.8126338124275208}Press Release: VS Media Holdings Limited announces 1-for-20 Share Combination"
VSME,DJ-RTA,Dow Jones Top Stories Asia Pacific,2026-01-01 02:07:00,2026-01-01T02:07:00+00:00,DJ-RTA$1d217eb4,Press Release: VS Media Holdings Limited announces 1-for-20 Share Combination,"{A:800015,800015:L:en,en:K:0.81:C:0.8126338124275208}Press Release: VS Media Holdings Limited announces 1-for-20 Share Combination"
VSME,DJ-RTA,Dow Jones Top Stories Asia Pacific,2026-01-01 02:07:00,2026-01-01T02:07:00+00:00,DJ-RTA$1d217ea6,Press Release: VS Media Holdings Limited announces 1-for-20 Share Combination,"{A:800015,800015:L:en,en:K:0.81:C:0.8126338124275208}Press Release: VS Media Holdings Limited announces 1-for-20 Share Combination"
VSME,DJ-RTA,Dow Jones Top Stories Asia Pacific,2026-01-01 02:07:00,2026-01-01T02:07:00+00:00,DJ-RTA$1d217ea2,VS Media Holdings Limited announces 1-for-20 Share Combination,"{A:800015,800015,800015:L:en,en,en:K:0.67:C:0.6720828413963318}VS Media Holdings Limited announces 1-for-20 Share Combination"
VSME,DJ-RTG,Dow Jones Top Stories Global,2026-01-01 02:07:00,2026-01-01T02:07:00+00:00,DJ-RTG$1d217eb4,Press Release: VS Media Holdings Limited announces 1-for-20 Share Combination,"{A:800015,800015:L:en,en:K:0.81:C:0.8126338124275208}Press Release: VS Media Holdings Limited announces 1-for-20 Share Combination"
VSME,DJ-RTG,Dow Jones Top Stories Global,2026-01-01 02:07:00,2026-01-01T02:07:00+00:00,DJ-RTG$1d217ea6,Press Release: VS Media Holdings Limited announces 1-for-20 Share Combination,"{A:800015,800015:L:en,en:K:0.81:C:0.8126338124275208}Press Release: VS Media Holdings Limited announces 1-for-20 Share Combination"
VSME,DJ-RTG,Dow Jones Top Stories Global,2026-01-01 02:07:00,2026-01-01T02:07:00+00:00,DJ-RTG$1d217ea2,VS Media Holdings Limited announces 1-for-20 Share Combination,"{A:800015,800015,800015:L:en,en,en:K:0.67:C:0.6720828413963318}VS Media Holdings Limited announces 1-for-20 Share Combination"
INBS,FLY,The Fly,2025-12-31 22:24:16,2025-12-31T22:24:16+00:00,FLY$1d2162a1,Intelligent Bio Solutions prices $10M private placement,{A:800015:L:en:K:n/a:C:0.6155388355255127}Intelligent Bio Solutions prices $10M private placement
INBS,FLY,The Fly,2025-12-31 22:24:16,2025-12-31T22:24:16+00:00,FLY$1d2162a0,Closing Bell Movers: Sable Offshore jumps after big legal win,{A:800015:L:en:K:0.84:C:0.8405636548995972}Closing Bell Movers: Sable Offshore jumps after big legal win
INBS,DJ-N,Dow Jones Global Equity Trader,2025-12-31 22:20:00,2025-12-31T22:20:00+00:00,DJ-N$1d216204,Press Release: Intelligent Bio Solutions Announces $10.0 Million Private Placement Priced At-the-Market Under Nasdaq Rules,"{A:800015,800015:L:en,en:K:n/a:C:0.46408912539482117}Press Release: Intelligent Bio Solutions Announces $10.0 Million Private Placement Priced At-the-Market Under Nasdaq Rules"
INBS,DJ-N,Dow Jones Global Equity Trader,2025-12-31 22:20:00,2025-12-31T22:20:00+00:00,DJ-N$1d216227,* Intelligent Bio Solutions Announces $10M Private Placement Priced At-the-Market Under Nasdaq Rules,"{A:800015,800015:L:en,en:K:n/a:C:0.29333314299583435}* Intelligent Bio Solutions Announces $10M Private Placement Priced At-the-Market Under Nasdaq Rules"
INBS,DJ-RT,Dow Jones Trader News,2025-12-31 22:20:00,2025-12-31T22:20:00+00:00,DJ-RT$1d216227,* Intelligent Bio Solutions Announces $10M Private Placement Priced At-the-Market Under Nasdaq Rules,"{A:800015,800015:L:en,en:K:n/a:C:0.29333314299583435}* Intelligent Bio Solutions Announces $10M Private Placement Priced At-the-Market Under Nasdaq Rules"
INBS,DJ-RTG,Dow Jones Top Stories Global,2025-12-31 22:20:00,2025-12-31T22:20:00+00:00,DJ-RTG$1d216227,* Intelligent Bio Solutions Announces $10M Private Placement Priced At-the-Market Under Nasdaq Rules,"{A:800015,800015:L:en,en:K:n/a:C:0.29333314299583435}* Intelligent Bio Solutions Announces $10M Private Placement Priced At-the-Market Under Nasdaq Rules"
SOPA,DJ-N,Dow Jones Global Equity Trader,2025-12-31 22:01:00,2025-12-31T22:01:00+00:00,DJ-N$1d216013,Society Pass Files 8K - Other Events >SOPA,"{A:800015,800015:L:en,en:K:n/a:C:0.9993932843208313}Society Pass Files 8K - Other Events >SOPA"
SOPA,DJ-N,Dow Jones Global Equity Trader,2025-12-31 22:01:00,2025-12-31T22:01:00+00:00,DJ-N$1d216012,Society Pass Files 8K - Entry Into Definitive Agreement >SOPA,"{A:800015,800015:L:en,en:K:n/a:C:0.9990806579589844}Society Pass Files 8K - Entry Into Definitive Agreement >SOPA"
INBS,DJ-N,Dow Jones Global Equity Trader,2025-12-31 21:31:00,2025-12-31T21:31:00+00:00,DJ-N$1d21553c,Intelligent Bio Solutions Files 8K - Regulation FD >INBS,"{A:800015,800015:L:en,en:K:n/a:C:0.9981820583343506}Intelligent Bio Solutions Files 8K - Regulation FD >INBS"
VNDA,DJ-N,Dow Jones Global Equity Trader,2025-12-31 21:29:00,2025-12-31T21:29:00+00:00,DJ-N$1d215375,"These Stocks Moved the Most Today: Nvidia, Tesla, Nike, DJT, Hecla, Newmont, Corcept, Vanda, and More -- Barrons.com","{A:800015,800015:L:en,en:K:n/a:C:0.9882838726043701}These Stocks Moved the Most Today: Nvidia, Tesla, Nike, DJT, Hecla, Newmont, Corcept, Vanda, and More -- Barrons.com"
VNDA,DJ-RT,Dow Jones Trader News,2025-12-31 21:29:00,2025-12-31T21:29:00+00:00,DJ-RT$1d215375,"These Stocks Moved the Most Today: Nvidia, Tesla, Nike, DJT, Hecla, Newmont, Corcept, Vanda, and More -- Barrons.com","{A:800015,800015:L:en,en:K:n/a:C:0.9882838726043701}These Stocks Moved the Most Today: Nvidia, Tesla, Nike, DJT, Hecla, Newmont, Corcept, Vanda, and More -- Barrons.com"
VNDA,DJ-RTG,Dow Jones Top Stories Global,2025-12-31 21:29:00,2025-12-31T21:29:00+00:00,DJ-RTG$1d215375,"These Stocks Moved the Most Today: Nvidia, Tesla, Nike, DJT, Hecla, Newmont, Corcept, Vanda, and More -- Barrons.com","{A:800015,800015:L:en,en:K:n/a:C:0.9882838726043701}These Stocks Moved the Most Today: Nvidia, Tesla, Nike, DJT, Hecla, Newmont, Corcept, Vanda, and More -- Barrons.com"
VNDA,FLY,The Fly,2025-12-31 21:27:36,2025-12-31T21:27:36+00:00,FLY$1d21519e,What You Missed On Wall Street On Wednesday,{A:800015:L:en:K:n/a:C:0.9716805219650269}What You Missed On Wall Street On Wednesday
AXSM,DJ-N,Dow Jones Global Equity Trader,2025-12-31 21:07:00,2025-12-31T21:07:00+00:00,DJ-N$1d213d41,"Dir Saad Registers 37,577 Of Axsome Therapeutics Inc >AXSM","{A:800015,800015:L:en,en:K:-0.97:C:0.97}Dir Saad Registers 37,577 Of Axsome Therapeutics Inc >AXSM"
NUAI,DJ-N,Dow Jones Global Equity Trader,2025-12-31 21:00:00,2025-12-31T21:00:00+00:00,DJ-N$1d21357c,"Press Release: Rosen Law Firm Encourages New Era Energy & Digital, Inc. Investors to Inquire About Securities Class Action Investigation - NUAI","{A:800015,800015:L:en,en:K:n/a:C:0.801441490650177}Press Release: Rosen Law Firm Encourages New Era Energy & Digital, Inc. Investors to Inquire About Securities Class Action Investigation - NUAI"
WTO,FLY,The Fly,2025-12-31 20:51:31,2025-12-31T20:51:31+00:00,FLY$1d2132b6,!UTime Hong Kong subsidiary secures near $10M order from Tumu Vertex,{A:800015:L:en:K:0.95:C:0.9547918438911438}!UTime Hong Kong subsidiary secures near $10M order from Tumu Vertex
WTO,DJ-N,Dow Jones Global Equity Trader,2025-12-31 20:45:00,2025-12-31T20:45:00+00:00,DJ-N$1d212f41,"Press Release: Smart Health Wearables Landmark: UTime Subsidiary Secures 50,000-Unit Mega Order, Opening New Chapter for UTime's Expansion into the North American Market","{A:800015,800015:L:en,en:K:n/a:C:0.8878403902053833}Press Release: Smart Health Wearables Landmark: UTime Subsidiary Secures 50,000-Unit Mega Order, Opening New Chapter for UTime's Expansion into the North American Market"
WTO,DJ-RTA,Dow Jones Top Stories Asia Pacific,2025-12-31 20:45:00,2025-12-31T20:45:00+00:00,DJ-RTA$1d212f41,"Press Release: Smart Health Wearables Landmark: UTime Subsidiary Secures 50,000-Unit Mega Order, Opening New Chapter for UTime's Expansion into the North American Market","{A:800015,800015:L:en,en:K:n/a:C:0.8878403902053833}Press Release: Smart Health Wearables Landmark: UTime Subsidiary Secures 50,000-Unit Mega Order, Opening New Chapter for UTime's Expansion into the North American Market"
WTO,DJ-RTA,Dow Jones Top Stories Asia Pacific,2025-12-31 20:45:00,2025-12-31T20:45:00+00:00,DJ-RTA$1d212f3e,"Smart Health Wearables Landmark: UTime Subsidiary Secures 50,000-Unit Mega Order, Opening New Chapter for UTime's Expansion into the North American Market","{A:800015,800015,800015:L:en,en,en:K:n/a:C:0.8398788571357727}Smart Health Wearables Landmark: UTime Subsidiary Secures 50,000-Unit Mega Order, Opening New Chapter for UTime's Expansion into the North American Market"
WTO,DJ-RTG,Dow Jones Top Stories Global,2025-12-31 20:45:00,2025-12-31T20:45:00+00:00,DJ-RTG$1d212f41,"Press Release: Smart Health Wearables Landmark: UTime Subsidiary Secures 50,000-Unit Mega Order, Opening New Chapter for UTime's Expansion into the North American Market","{A:800015,800015:L:en,en:K:n/a:C:0.8878403902053833}Press Release: Smart Health Wearables Landmark: UTime Subsidiary Secures 50,000-Unit Mega Order, Opening New Chapter for UTime's Expansion into the North American Market"
WTO,DJ-RTG,Dow Jones Top Stories Global,2025-12-31 20:45:00,2025-12-31T20:45:00+00:00,DJ-RTG$1d212f3e,"Smart Health Wearables Landmark: UTime Subsidiary Secures 50,000-Unit Mega Order, Opening New Chapter for UTime's Expansion into the North American Market","{A:800015,800015,800015:L:en,en,en:K:n/a:C:0.8398788571357727}Smart Health Wearables Landmark: UTime Subsidiary Secures 50,000-Unit Mega Order, Opening New Chapter for UTime's Expansion into the North American Market"
AXSM,FLY,The Fly,2025-12-31 18:17:31,2025-12-31T18:17:31+00:00,FLY$1d211ac1,!Axsome Therapeutics price target raised to $217 from $202 at Mizuho,{A:800015:L:en:K:0.97:C:0.97}!Axsome Therapeutics price target raised to $217 from $202 at Mizuho
AXSM,DJ-N,Dow Jones Global Equity Trader,2025-12-31 18:15:00,2025-12-31T18:15:00+00:00,DJ-N$1d211a3b,"Axsome Therapeutics Up Over 20%, on Track for Record High Close -- Data Talk","{A:800015,800015:L:en,en:K:1.00:C:0.9998115301132202}Axsome Therapeutics Up Over 20%, on Track for Record High Close -- Data Talk"
AXSM,DJ-RT,Dow Jones Trader News,2025-12-31 18:15:00,2025-12-31T18:15:00+00:00,DJ-RT$1d211a3b,"Axsome Therapeutics Up Over 20%, on Track for Record High Close -- Data Talk","{A:800015,800015:L:en,en:K:1.00:C:0.9998115301132202}Axsome Therapeutics Up Over 20%, on Track for Record High Close -- Data Talk"
AXSM,DJ-RTG,Dow Jones Top Stories Global,2025-12-31 18:15:00,2025-12-31T18:15:00+00:00,DJ-RTG$1d211a3b,"Axsome Therapeutics Up Over 20%, on Track for Record High Close -- Data Talk","{A:800015,800015:L:en,en:K:1.00:C:0.9998115301132202}Axsome Therapeutics Up Over 20%, on Track for Record High Close -- Data Talk"
BYFC,FLY,The Fly,2025-12-31 17:59:16,2025-12-31T17:59:16+00:00,FLY$1d2115b3,!Broadway Financial trading resumes,{A:800015:L:en:K:n/a:C:0.9525144696235657}!Broadway Financial trading resumes
BYFC,DJ-N,Dow Jones Global Equity Trader,2025-12-31 17:59:00,2025-12-31T17:59:00+00:00,DJ-N$1d2115b0,*  Broadway Financial Corp. (BYFC) Resumed Trading,"{A:800015,800015:L:en,en:K:n/a:C:0.9989995360374451}*  Broadway Financial Corp. (BYFC) Resumed Trading"
BYFC,FLY,The Fly,2025-12-31 17:54:16,2025-12-31T17:54:16+00:00,FLY$1d21142a,"!Broadway Financial trading halted, volatility trading pause","{A:800015:L:en:K:n/a:C:0.7716102004051208}!Broadway Financial trading halted, volatility trading pause"
BYFC,DJ-N,Dow Jones Global Equity Trader,2025-12-31 17:54:00,2025-12-31T17:54:00+00:00,DJ-N$1d211425,*  Broadway Financial Corp. (BYFC) Paused due to volatility,"{A:800015,800015:L:en,en:K:n/a:C:0.7659785747528076}*  Broadway Financial Corp. (BYFC) Paused due to volatility"
VNDA,DJ-N,Dow Jones Global Equity Trader,2025-12-31 17:43:00,2025-12-31T17:43:00+00:00,DJ-N$1d2112a8,Vanda Pharmaceuticals Price Target Raised to $14.00/Share From $11.00 by B. Riley Securities,"{A:800015,800015:L:en,en:K:0.97:C:0.97}Vanda Pharmaceuticals Price Target Raised to $14.00/Share From $11.00 by B. Riley Securities"
VNDA,DJ-N,Dow Jones Global Equity Trader,2025-12-31 17:43:00,2025-12-31T17:43:00+00:00,DJ-N$1d2112a6,Vanda Pharmaceuticals Is Maintained at Buy by B. Riley Securities,"{A:800015,800015:L:en,en:K:0.97:C:0.97}Vanda Pharmaceuticals Is Maintained at Buy by B. Riley Securities"
VNDA,DJ-RT,Dow Jones Trader News,2025-12-31 17:43:00,2025-12-31T17:43:00+00:00,DJ-RT$1d2112a8,Vanda Pharmaceuticals Price Target Raised to $14.00/Share From $11.00 by B. Riley Securities,"{A:800015,800015:L:en,en:K:0.97:C:0.97}Vanda Pharmaceuticals Price Target Raised to $14.00/Share From $11.00 by B. Riley Securities"
VNDA,DJ-RT,Dow Jones Trader News,2025-12-31 17:43:00,2025-12-31T17:43:00+00:00,DJ-RT$1d2112a6,Vanda Pharmaceuticals Is Maintained at Buy by B. Riley Securities,"{A:800015,800015:L:en,en:K:0.97:C:0.97}Vanda Pharmaceuticals Is Maintained at Buy by B. Riley Securities"
VNDA,DJ-RTG,Dow Jones Top Stories Global,2025-12-31 17:43:00,2025-12-31T17:43:00+00:00,DJ-RTG$1d2112a8,Vanda Pharmaceuticals Price Target Raised to $14.00/Share From $11.00 by B. Riley Securities,"{A:800015,800015:L:en,en:K:0.97:C:0.97}Vanda Pharmaceuticals Price Target Raised to $14.00/Share From $11.00 by B. Riley Securities"
VNDA,DJ-RTG,Dow Jones Top Stories Global,2025-12-31 17:43:00,2025-12-31T17:43:00+00:00,DJ-RTG$1d2112a6,Vanda Pharmaceuticals Is Maintained at Buy by B. Riley Securities,"{A:800015,800015:L:en,en:K:0.97:C:0.97}Vanda Pharmaceuticals Is Maintained at Buy by B. Riley Securities"
AXSM,DJ-N,Dow Jones Global Equity Trader,2025-12-31 17:17:00,2025-12-31T17:17:00+00:00,DJ-N$1d2109a7,Axsome Therapeutics Stock Jumps After FDA Grants Priority Review For Alzheimer's Agitation Drug -- IBD,"{A:800015,800015:L:en,en:K:0.97:C:0.97}Axsome Therapeutics Stock Jumps After FDA Grants Priority Review For Alzheimer's Agitation Drug -- IBD"
AXSM,FLY,The Fly,2025-12-31 17:00:41,2025-12-31T17:00:41+00:00,FLY$1d20f8e7,!Axsome Therapeutics rises 19.4%,{A:800015:L:en:K:0.67:C:0.6749984622001648}!Axsome Therapeutics rises 19.4%
VNDA,FLY,The Fly,2025-12-31 17:00:06,2025-12-31T17:00:06+00:00,FLY$1d20f827,Midday Fly By: Nvidia said to see strong H200 demand in China,{A:800015:L:en:K:0.99:C:0.986314594745636}Midday Fly By: Nvidia said to see strong H200 demand in China
VNDA,DJ-N,Dow Jones Global Equity Trader,2025-12-31 16:12:00,2025-12-31T16:12:00+00:00,DJ-N$1d20c9a8,"These Stocks Are Moving the Most Today: Nvidia, Tesla, Hecla, Newmont, Nike, Vanda, Corcept, DJT, and More -- Barrons.com","{A:800015,800015:L:en,en:K:n/a:C:0.9956679940223694}These Stocks Are Moving the Most Today: Nvidia, Tesla, Hecla, Newmont, Nike, Vanda, Corcept, DJT, and More -- Barrons.com"
VNDA,DJ-RT,Dow Jones Trader News,2025-12-31 16:12:00,2025-12-31T16:12:00+00:00,DJ-RT$1d20c9a8,"These Stocks Are Moving the Most Today: Nvidia, Tesla, Hecla, Newmont, Nike, Vanda, Corcept, DJT, and More -- Barrons.com","{A:800015,800015:L:en,en:K:n/a:C:0.9956679940223694}These Stocks Are Moving the Most Today: Nvidia, Tesla, Hecla, Newmont, Nike, Vanda, Corcept, DJT, and More -- Barrons.com"
VNDA,DJ-RTG,Dow Jones Top Stories Global,2025-12-31 16:12:00,2025-12-31T16:12:00+00:00,DJ-RTG$1d20c9a8,"These Stocks Are Moving the Most Today: Nvidia, Tesla, Hecla, Newmont, Nike, Vanda, Corcept, DJT, and More -- Barrons.com","{A:800015,800015:L:en,en:K:n/a:C:0.9956679940223694}These Stocks Are Moving the Most Today: Nvidia, Tesla, Hecla, Newmont, Nike, Vanda, Corcept, DJT, and More -- Barrons.com"
VNDA,DJ-N,Dow Jones Global Equity Trader,2025-12-31 16:01:00,2025-12-31T16:01:00+00:00,DJ-N$1d20bf14,"Vanda Pharmaceuticals Up Over 34%, on Pace for Largest Percent Increase Since November 2013 -- Data Talk","{A:800015,800015:L:en,en:K:1.00:C:0.9988970756530762}Vanda Pharmaceuticals Up Over 34%, on Pace for Largest Percent Increase Since November 2013 -- Data Talk"
VNDA,DJ-RT,Dow Jones Trader News,2025-12-31 16:01:00,2025-12-31T16:01:00+00:00,DJ-RT$1d20bf14,"Vanda Pharmaceuticals Up Over 34%, on Pace for Largest Percent Increase Since November 2013 -- Data Talk","{A:800015,800015:L:en,en:K:1.00:C:0.9988970756530762}Vanda Pharmaceuticals Up Over 34%, on Pace for Largest Percent Increase Since November 2013 -- Data Talk"
VNDA,DJ-RTG,Dow Jones Top Stories Global,2025-12-31 16:01:00,2025-12-31T16:01:00+00:00,DJ-RTG$1d20bf14,"Vanda Pharmaceuticals Up Over 34%, on Pace for Largest Percent Increase Since November 2013 -- Data Talk","{A:800015,800015:L:en,en:K:1.00:C:0.9988970756530762}Vanda Pharmaceuticals Up Over 34%, on Pace for Largest Percent Increase Since November 2013 -- Data Talk"
AXSM,BRFG,Briefing.com General Market Columns,2025-12-31 15:58:34,2025-12-31T15:58:34+00:00,BRFG$1d20fe2c,Axsome Therapeutics Higher on FDA Catalysts: AXS-05 Priority Review and AXS-12 NDA Support,{A:800015:L:en:K:0.98:C:0.981952965259552}Axsome Therapeutics Higher on FDA Catalysts: AXS-05 Priority Review and AXS-12 NDA Support
VNDA,DJ-N,Dow Jones Global Equity Trader,2025-12-31 15:57:00,2025-12-31T15:57:00+00:00,DJ-N$1d20ba99,Vanda Pharmaceuticals Shares Jump 30% on Motion Sickness Drug Approval -- Barrons.com,"{A:800015,800015:L:en,en:K:0.97:C:0.97}Vanda Pharmaceuticals Shares Jump 30% on Motion Sickness Drug Approval -- Barrons.com"
VNDA,DJ-RT,Dow Jones Trader News,2025-12-31 15:57:00,2025-12-31T15:57:00+00:00,DJ-RT$1d20ba99,Vanda Pharmaceuticals Shares Jump 30% on Motion Sickness Drug Approval -- Barrons.com,"{A:800015,800015:L:en,en:K:0.97:C:0.97}Vanda Pharmaceuticals Shares Jump 30% on Motion Sickness Drug Approval -- Barrons.com"
VNDA,DJ-RTA,Dow Jones Top Stories Asia Pacific,2025-12-31 15:57:00,2025-12-31T15:57:00+00:00,DJ-RTA$1d20ba99,Vanda Pharmaceuticals Shares Jump 30% on Motion Sickness Drug Approval -- Barrons.com,"{A:800015,800015:L:en,en:K:0.97:C:0.97}Vanda Pharmaceuticals Shares Jump 30% on Motion Sickness Drug Approval -- Barrons.com"
VNDA,DJ-RTE,Dow Jones Top Stories Europe,2025-12-31 15:57:00,2025-12-31T15:57:00+00:00,DJ-RTE$1d20ba99,Vanda Pharmaceuticals Shares Jump 30% on Motion Sickness Drug Approval -- Barrons.com,"{A:800015,800015:L:en,en:K:0.97:C:0.97}Vanda Pharmaceuticals Shares Jump 30% on Motion Sickness Drug Approval -- Barrons.com"
VNDA,DJ-RTG,Dow Jones Top Stories Global,2025-12-31 15:57:00,2025-12-31T15:57:00+00:00,DJ-RTG$1d20ba99,Vanda Pharmaceuticals Shares Jump 30% on Motion Sickness Drug Approval -- Barrons.com,"{A:800015,800015:L:en,en:K:0.97:C:0.97}Vanda Pharmaceuticals Shares Jump 30% on Motion Sickness Drug Approval -- Barrons.com"
ESHA,DJ-N,Dow Jones Global Equity Trader,2025-12-31 15:45:00,2025-12-31T15:45:00+00:00,DJ-N$1d20afe0,*  ESH Acquisition Corp. Cl A (ESHA) Resumed Trading,"{A:800015,800015:L:en,en:K:n/a:C:0.9996926188468933}*  ESH Acquisition Corp. Cl A (ESHA) Resumed Trading"
ESHA,DJ-N,Dow Jones Global Equity Trader,2025-12-31 15:40:00,2025-12-31T15:40:00+00:00,DJ-N$1d20aad4,*  ESH Acquisition Corp. Cl A (ESHA) Paused due to volatility,"{A:800015,800015:L:en,en:K:n/a:C:0.9005765318870544}*  ESH Acquisition Corp. Cl A (ESHA) Paused due to volatility"
MRT,DJ-N,Dow Jones Global Equity Trader,2025-12-31 15:24:00,2025-12-31T15:24:00+00:00,DJ-N$1d2099bf,Marti Tech Shares Rise After Year-End Rider Goals Exceeded,"{A:800015,800015:L:en,en:K:0.97:C:0.97}Marti Tech Shares Rise After Year-End Rider Goals Exceeded"
MRT,DJ-RT,Dow Jones Trader News,2025-12-31 15:24:00,2025-12-31T15:24:00+00:00,DJ-RT$1d2099bf,Marti Tech Shares Rise After Year-End Rider Goals Exceeded,"{A:800015,800015:L:en,en:K:0.97:C:0.97}Marti Tech Shares Rise After Year-End Rider Goals Exceeded"
MRT,DJ-RTG,Dow Jones Top Stories Global,2025-12-31 15:24:00,2025-12-31T15:24:00+00:00,DJ-RTG$1d2099bf,Marti Tech Shares Rise After Year-End Rider Goals Exceeded,"{A:800015,800015:L:en,en:K:0.97:C:0.97}Marti Tech Shares Rise After Year-End Rider Goals Exceeded"
SOPA,DJ-N,Dow Jones Global Equity Trader,2025-12-31 15:14:00,2025-12-31T15:14:00+00:00,DJ-N$1d208f4d,*  Society Pass Inc. (SOPA) Resumed Trading,"{A:800015,800015:L:en,en:K:n/a:C:0.9993445873260498}*  Society Pass Inc. (SOPA) Resumed Trading"
INBS,DJ-N,Dow Jones Global Equity Trader,2025-12-31 15:12:00,2025-12-31T15:12:00+00:00,DJ-N$1d208e3e,*  Intelligent Bio Solutions Inc. (INBS) Resumed Trading,"{A:800015,800015:L:en,en:K:n/a:C:0.9986786246299744}*  Intelligent Bio Solutions Inc. (INBS) Resumed Trading"
SOPA,DJ-N,Dow Jones Global Equity Trader,2025-12-31 15:09:00,2025-12-31T15:09:00+00:00,DJ-N$1d208af7,*  Society Pass Inc. (SOPA) Paused due to volatility,"{A:800015,800015:L:en,en:K:n/a:C:0.6720122694969177}*  Society Pass Inc. (SOPA) Paused due to volatility"
INBS,DJ-N,Dow Jones Global Equity Trader,2025-12-31 15:07:00,2025-12-31T15:07:00+00:00,DJ-N$1d2089b2,*  Intelligent Bio Solutions Inc. (INBS) Paused due to volatility,"{A:800015,800015:L:en,en:K:n/a:C:0.3843144178390503}*  Intelligent Bio Solutions Inc. (INBS) Paused due to volatility"
AXSM,DJ-N,Dow Jones Global Equity Trader,2025-12-31 15:04:00,2025-12-31T15:04:00+00:00,DJ-N$1d20869e,"Axsome Shares Climb on FDA Fast&#x2011;Track for Alzheimer's Drug, Backing for Narcolepsy Filing","{A:800015,800015:L:en,en:K:0.97:C:0.97}Axsome Shares Climb on FDA Fast&#x2011;Track for Alzheimer's Drug, Backing for Narcolepsy Filing"
AXSM,DJ-RT,Dow Jones Trader News,2025-12-31 15:04:00,2025-12-31T15:04:00+00:00,DJ-RT$1d20869e,"Axsome Shares Climb on FDA Fast&#x2011;Track for Alzheimer's Drug, Backing for Narcolepsy Filing","{A:800015,800015:L:en,en:K:0.97:C:0.97}Axsome Shares Climb on FDA Fast&#x2011;Track for Alzheimer's Drug, Backing for Narcolepsy Filing"
AXSM,DJ-RTG,Dow Jones Top Stories Global,2025-12-31 15:04:00,2025-12-31T15:04:00+00:00,DJ-RTG$1d20869e,"Axsome Shares Climb on FDA Fast&#x2011;Track for Alzheimer's Drug, Backing for Narcolepsy Filing","{A:800015,800015:L:en,en:K:0.97:C:0.97}Axsome Shares Climb on FDA Fast&#x2011;Track for Alzheimer's Drug, Backing for Narcolepsy Filing"
VNDA,BRFG,Briefing.com General Market Columns,2025-12-31 15:03:04,2025-12-31T15:03:04+00:00,BRFG$1d20fe2e,Vanda Pharma soars to multi-year highs after FDA approves NEREUS for motion-induced vomiting,{A:800015:L:en:K:0.97:C:0.97}Vanda Pharma soars to multi-year highs after FDA approves NEREUS for motion-induced vomiting
AXSM,FLY,The Fly,2025-12-31 15:01:55,2025-12-31T15:01:55+00:00,FLY$1d2084fc,!Axsome Therapeutics rises 17.5%,{A:800015:L:en:K:0.67:C:0.6749984622001648}!Axsome Therapeutics rises 17.5%
INBS,DJ-N,Dow Jones Global Equity Trader,2025-12-31 14:56:00,2025-12-31T14:56:00+00:00,DJ-N$1d2082f6,*  Intelligent Bio Solutions Inc. (INBS) Resumed Trading,"{A:800015,800015:L:en,en:K:n/a:C:0.9986786246299744}*  Intelligent Bio Solutions Inc. (INBS) Resumed Trading"
ESHA,DJ-N,Dow Jones Global Equity Trader,2025-12-31 14:55:00,2025-12-31T14:55:00+00:00,DJ-N$1d2082b2,*  ESH Acquisition Corp. Cl A (ESHA) Resumed Trading,"{A:800015,800015:L:en,en:K:n/a:C:0.9996926188468933}*  ESH Acquisition Corp. Cl A (ESHA) Resumed Trading"
INBS,DJ-N,Dow Jones Global Equity Trader,2025-12-31 14:51:00,2025-12-31T14:51:00+00:00,DJ-N$1d208203,*  Intelligent Bio Solutions Inc. (INBS) Paused due to volatility,"{A:800015,800015:L:en,en:K:n/a:C:0.3843144178390503}*  Intelligent Bio Solutions Inc. (INBS) Paused due to volatility"
ESHA,DJ-N,Dow Jones Global Equity Trader,2025-12-31 14:50:00,2025-12-31T14:50:00+00:00,DJ-N$1d2081b4,*  ESH Acquisition Corp. Cl A (ESHA) Paused due to volatility,"{A:800015,800015:L:en,en:K:n/a:C:0.9005765318870544}*  ESH Acquisition Corp. Cl A (ESHA) Paused due to volatility"
ESHA,DJ-N,Dow Jones Global Equity Trader,2025-12-31 14:45:00,2025-12-31T14:45:00+00:00,DJ-N$1d2080e4,*  ESH Acquisition Corp. Cl A (ESHA) Resumed Trading,"{A:800015,800015:L:en,en:K:n/a:C:0.9996926188468933}*  ESH Acquisition Corp. Cl A (ESHA) Resumed Trading"
INBS,DJ-N,Dow Jones Global Equity Trader,2025-12-31 14:41:00,2025-12-31T14:41:00+00:00,DJ-N$1d207ff6,*  Intelligent Bio Solutions Inc. (INBS) Resumed Trading,"{A:800015,800015:L:en,en:K:n/a:C:0.9986786246299744}*  Intelligent Bio Solutions Inc. (INBS) Resumed Trading"
ESHA,DJ-N,Dow Jones Global Equity Trader,2025-12-31 14:40:00,2025-12-31T14:40:00+00:00,DJ-N$1d207fdc,*  ESH Acquisition Corp. Cl A (ESHA) Paused due to volatility,"{A:800015,800015:L:en,en}*  ESH Acquisition Corp. Cl A (ESHA) Paused due to volatility"
ESHA,FLY,The Fly,2025-12-31 14:35:40,2025-12-31T14:35:40+00:00,FLY$1d207ee5,!ESH Acquisition Corp trading resumes,{A:800015:L:en:K:n/a:C:0.9693641066551208}!ESH Acquisition Corp trading resumes
ESHA,DJ-N,Dow Jones Global Equity Trader,2025-12-31 14:35:00,2025-12-31T14:35:00+00:00,DJ-N$1d207ed8,*  ESH Acquisition Corp. Cl A (ESHA) Resumed Trading,"{A:800015,800015:L:en,en:K:n/a:C:0.9996926188468933}*  ESH Acquisition Corp. Cl A (ESHA) Resumed Trading"
INBS,DJ-N,Dow Jones Global Equity Trader,2025-12-31 14:31:00,2025-12-31T14:31:00+00:00,DJ-N$1d207c36,*  Intelligent Bio Solutions Inc. (INBS) Paused due to volatility,"{A:800015,800015:L:en,en:K:n/a:C:0.3843144178390503}*  Intelligent Bio Solutions Inc. (INBS) Paused due to volatility"
ESHA,FLY,The Fly,2025-12-31 14:30:40,2025-12-31T14:30:40+00:00,FLY$1d207c94,"!ESH Acquisition Corp trading halted, volatility trading pause","{A:800015:L:en:K:n/a:C:0.8758333325386047}!ESH Acquisition Corp trading halted, volatility trading pause"
ESHA,DJ-N,Dow Jones Global Equity Trader,2025-12-31 14:30:00,2025-12-31T14:30:00+00:00,DJ-N$1d207c06,*  ESH Acquisition Corp. Cl A (ESHA) Paused due to volatility,"{A:800015,800015:L:en,en:K:n/a:C:0.9005765318870544}*  ESH Acquisition Corp. Cl A (ESHA) Paused due to volatility"
VNDA,FLY,The Fly,2025-12-31 14:02:45,2025-12-31T14:02:45+00:00,FLY$1d206dd4,Morning Movers: Nvidia up as report points to strong demand in China,{A:800015:L:en:K:1.00:C:0.9997224807739258}Morning Movers: Nvidia up as report points to strong demand in China
AXSM,DJ-N,Dow Jones Global Equity Trader,2025-12-31 14:00:00,2025-12-31T14:00:00+00:00,DJ-N$1d206bf8,Axsome Therapeutics Price Target Raised to $169.00/Share From $154.00 by Needham,"{A:800015,800015:L:en,en:K:0.97:C:0.97}Axsome Therapeutics Price Target Raised to $169.00/Share From $154.00 by Needham"
AXSM,DJ-N,Dow Jones Global Equity Trader,2025-12-31 14:00:00,2025-12-31T14:00:00+00:00,DJ-N$1d206bf6,Axsome Therapeutics Is Maintained at Buy by Needham,"{A:800015,800015:L:en,en:K:0.97:C:0.97}Axsome Therapeutics Is Maintained at Buy by Needham"
AXSM,DJ-RT,Dow Jones Trader News,2025-12-31 14:00:00,2025-12-31T14:00:00+00:00,DJ-RT$1d206bf8,Axsome Therapeutics Price Target Raised to $169.00/Share From $154.00 by Needham,"{A:800015,800015:L:en,en:K:0.97:C:0.97}Axsome Therapeutics Price Target Raised to $169.00/Share From $154.00 by Needham"
AXSM,DJ-RT,Dow Jones Trader News,2025-12-31 14:00:00,2025-12-31T14:00:00+00:00,DJ-RT$1d206bf6,Axsome Therapeutics Is Maintained at Buy by Needham,"{A:800015,800015:L:en,en:K:0.97:C:0.97}Axsome Therapeutics Is Maintained at Buy by Needham"
AXSM,DJ-RTG,Dow Jones Top Stories Global,2025-12-31 14:00:00,2025-12-31T14:00:00+00:00,DJ-RTG$1d206bf8,Axsome Therapeutics Price Target Raised to $169.00/Share From $154.00 by Needham,"{A:800015,800015:L:en,en:K:0.97:C:0.97}Axsome Therapeutics Price Target Raised to $169.00/Share From $154.00 by Needham"
AXSM,DJ-RTG,Dow Jones Top Stories Global,2025-12-31 14:00:00,2025-12-31T14:00:00+00:00,DJ-RTG$1d206bf6,Axsome Therapeutics Is Maintained at Buy by Needham,"{A:800015,800015:L:en,en:K:0.97:C:0.97}Axsome Therapeutics Is Maintained at Buy by Needham"
VNDA,FLY,The Fly,2025-12-31 13:57:05,2025-12-31T13:57:05+00:00,FLY$1d206b27,!Video: Nvidia responding to strong demand for H200 in China,{A:800015:L:en:K:0.97:C:0.9743872284889221}!Video: Nvidia responding to strong demand for H200 in China
DVLT,DJ-N,Dow Jones Global Equity Trader,2025-12-31 13:55:00,2025-12-31T13:55:00+00:00,DJ-N$1d206a86,"Holder Scilex Holding Co Sells 20,657,300 Of Datavault AI Inc >DVLT-Amended","{A:800015,800015:L:en,en:K:-0.97:C:0.97}Holder Scilex Holding Co Sells 20,657,300 Of Datavault AI Inc >DVLT-Amended"
INBS,FLY,The Fly,2025-12-31 13:46:45,2025-12-31T13:46:45+00:00,FLY$1d2068a7,!Intelligent Bio Solutions enters manufacturing partnership with Syrma Johari,{A:800015:L:en:K:n/a:C:0.6506333947181702}!Intelligent Bio Solutions enters manufacturing partnership with Syrma Johari
INBS,DJ-N,Dow Jones Global Equity Trader,2025-12-31 13:45:00,2025-12-31T13:45:00+00:00,DJ-N$1d206818,Press Release: Intelligent Bio Solutions Announces New Manufacturing Partnership to Strengthen Global Production Capability and Increase Margins,"{A:800015,800015:L:en,en:K:0.97:C:0.97}Press Release: Intelligent Bio Solutions Announces New Manufacturing Partnership to Strengthen Global Production Capability and Increase Margins"
VNDA,FLY,The Fly,2025-12-31 13:23:25,2025-12-31T13:23:25+00:00,FLY$1d206221,!Vanda Pharmaceuticals price target raised to $14 from $11 at B. Riley,{A:800015:L:en:K:0.97:C:0.97}!Vanda Pharmaceuticals price target raised to $14 from $11 at B. Riley
VNDA,DJ-N,Dow Jones Global Equity Trader,2025-12-31 12:39:00,2025-12-31T12:39:00+00:00,DJ-N$1d205056,Vanda Pharmaceuticals Price Target Raised to $7.50/Share From $5.00 by Jefferies,"{A:800015,800015:L:en,en:K:0.97:C:0.97}Vanda Pharmaceuticals Price Target Raised to $7.50/Share From $5.00 by Jefferies"
VNDA,DJ-N,Dow Jones Global Equity Trader,2025-12-31 12:39:00,2025-12-31T12:39:00+00:00,DJ-N$1d205054,Vanda Pharmaceuticals Is Maintained at Hold by Jefferies,"{A:800015,800015:L:en,en:K:n/a:C:0.97}Vanda Pharmaceuticals Is Maintained at Hold by Jefferies"
VNDA,DJ-RT,Dow Jones Trader News,2025-12-31 12:39:00,2025-12-31T12:39:00+00:00,DJ-RT$1d205056,Vanda Pharmaceuticals Price Target Raised to $7.50/Share From $5.00 by Jefferies,"{A:800015,800015:L:en,en:K:0.97:C:0.97}Vanda Pharmaceuticals Price Target Raised to $7.50/Share From $5.00 by Jefferies"
VNDA,DJ-RT,Dow Jones Trader News,2025-12-31 12:39:00,2025-12-31T12:39:00+00:00,DJ-RT$1d205054,Vanda Pharmaceuticals Is Maintained at Hold by Jefferies,"{A:800015,800015:L:en,en:K:n/a:C:0.97}Vanda Pharmaceuticals Is Maintained at Hold by Jefferies"
VNDA,DJ-RTG,Dow Jones Top Stories Global,2025-12-31 12:39:00,2025-12-31T12:39:00+00:00,DJ-RTG$1d205056,Vanda Pharmaceuticals Price Target Raised to $7.50/Share From $5.00 by Jefferies,"{A:800015,800015:L:en,en:K:0.97:C:0.97}Vanda Pharmaceuticals Price Target Raised to $7.50/Share From $5.00 by Jefferies"
VNDA,DJ-RTG,Dow Jones Top Stories Global,2025-12-31 12:39:00,2025-12-31T12:39:00+00:00,DJ-RTG$1d205054,Vanda Pharmaceuticals Is Maintained at Hold by Jefferies,"{A:800015,800015:L:en,en:K:n/a:C:0.97}Vanda Pharmaceuticals Is Maintained at Hold by Jefferies"
AXSM,DJ-N,Dow Jones Global Equity Trader,2025-12-31 12:33:00,2025-12-31T12:33:00+00:00,DJ-N$1d204d06,Axsome Therapeutics Gets FDA Support to File NDA for Narcolepsy Treatment,"{A:800015,800015:L:en,en:K:0.98:C:0.9762853980064392}Axsome Therapeutics Gets FDA Support to File NDA for Narcolepsy Treatment"
AXSM,DJ-RT,Dow Jones Trader News,2025-12-31 12:33:00,2025-12-31T12:33:00+00:00,DJ-RT$1d204d06,Axsome Therapeutics Gets FDA Support to File NDA for Narcolepsy Treatment,"{A:800015,800015:L:en,en:K:0.98:C:0.9762853980064392}Axsome Therapeutics Gets FDA Support to File NDA for Narcolepsy Treatment"
AXSM,DJ-RTG,Dow Jones Top Stories Global,2025-12-31 12:33:00,2025-12-31T12:33:00+00:00,DJ-RTG$1d204d06,Axsome Therapeutics Gets FDA Support to File NDA for Narcolepsy Treatment,"{A:800015,800015:L:en,en:K:0.98:C:0.9762853980064392}Axsome Therapeutics Gets FDA Support to File NDA for Narcolepsy Treatment"
AXSM,DJ-N,Dow Jones Global Equity Trader,2025-12-31 12:10:00,2025-12-31T12:10:00+00:00,DJ-N$1d20417e,Axsome Therapeutics Files 8K - Other Events >AXSM,"{A:800015,800015:L:en,en:K:n/a:C:0.9986352920532227}Axsome Therapeutics Files 8K - Other Events >AXSM"
VNDA,FLY,The Fly,2025-12-31 12:04:50,2025-12-31T12:04:50+00:00,FLY$1d203edb,"!Vanda motion sickness approval comes with 'broad' label, says Cantor","{A:800015:L:en:K:n/a:C:0.9732405543327332}!Vanda motion sickness approval comes with 'broad' label, says Cantor"
AXSM,FLY,The Fly,2025-12-31 12:01:40,2025-12-31T12:01:40+00:00,FLY$1d203d66,"!Axsome Therapeutics announces FDA acceptance, priority review of AXS-05 sNDA","{A:800015:L:en:K:0.97:C:0.97}!Axsome Therapeutics announces FDA acceptance, priority review of AXS-05 sNDA"
AXSM,DJ-N,Dow Jones Global Equity Trader,2025-12-31 12:01:00,2025-12-31T12:01:00+00:00,DJ-N$1d203d02,* Axsome Therapeutics Announces FDA Acceptance and Priority Review of Supplemental NDA for AXS-05 to Treat Alzheimer's Disease Agitation,"{A:800015,800015:L:en,en:K:0.97:C:0.97}* Axsome Therapeutics Announces FDA Acceptance and Priority Review of Supplemental NDA for AXS-05 to Treat Alzheimer's Disease Agitation"
AXSM,DJ-N,Dow Jones Global Equity Trader,2025-12-31 12:00:00,2025-12-31T12:00:00+00:00,DJ-N$1d203bd8,Press Release: Axsome Therapeutics Announces FDA Acceptance and Priority Review of Supplemental New Drug Application for AXS-05 for the Treatment of Alzheimer's Disease Agitation,"{A:800015,800015:L:en,en:K:0.97:C:0.97}Press Release: Axsome Therapeutics Announces FDA Acceptance and Priority Review of Supplemental New Drug Application for AXS-05 for the Treatment of Alzheimer's Disease Agitation"
AXSM,DJ-N,Dow Jones Global Equity Trader,2025-12-31 11:57:00,2025-12-31T11:57:00+00:00,DJ-N$1d203aee,* Axsome Therapeutics Anticipates Completing NDA Submission in Jan >AXSM,"{A:800015,800015:L:en,en:K:n/a:C:0.9481929540634155}* Axsome Therapeutics Anticipates Completing NDA Submission in Jan >AXSM"
AXSM,DJ-N,Dow Jones Global Equity Trader,2025-12-31 11:57:00,2025-12-31T11:57:00+00:00,DJ-N$1d203aed,"* Axsome Therapeutics: Based on Feedback From FDA, Regulatory Data Package Would Be Sufficient for Submission of NDA for AXS-12 for Treatment of Cataplexy in Narcolepsy >AXSM","{A:800015,800015:L:en,en:K:0.28:C:0.2836787700653076}* Axsome Therapeutics: Based on Feedback From FDA, Regulatory Data Package Would Be Sufficient for Submission of NDA for AXS-12 for Treatment of Cataplexy in Narcolepsy >AXSM"
AXSM,FLY,The Fly,2025-12-31 11:56:35,2025-12-31T11:56:35+00:00,FLY$1d203ae2,!Axsome Therapeutics says AXS-12 NDA submission on track for January,{A:800015:L:en:K:n/a:C:0.8440271019935608}!Axsome Therapeutics says AXS-12 NDA submission on track for January
AXSM,DJ-N,Dow Jones Global Equity Trader,2025-12-31 11:56:00,2025-12-31T11:56:00+00:00,DJ-N$1d203ae9,* Axsome Therapeutics Receives Formal pre-New Drug Application Meeting Minutes From FDA Supporting NDA Submission for AXS-12 in Narcolepsy >AXSM,"{A:800015,800015:L:en,en:K:0.90:C:0.8959987759590149}* Axsome Therapeutics Receives Formal pre-New Drug Application Meeting Minutes From FDA Supporting NDA Submission for AXS-12 in Narcolepsy >AXSM"
AXSM,DJ-N,Dow Jones Global Equity Trader,2025-12-31 11:55:00,2025-12-31T11:55:00+00:00,DJ-N$1d203a98,Press Release: Axsome Therapeutics Announces FDA Pre-NDA Meeting Minutes for AXS-12 in Narcolepsy Supporting NDA Submission,"{A:800015,800015:L:en,en:K:n/a:C:0.9385921955108643}Press Release: Axsome Therapeutics Announces FDA Pre-NDA Meeting Minutes for AXS-12 in Narcolepsy Supporting NDA Submission"
MRT,FLY,The Fly,2025-12-31 11:03:25,2025-12-31T11:03:25+00:00,FLY$1d202e88,!Marti Technologies says ride-hailing service reaches 3.8M riders,{A:800015:L:en:K:n/a:C:0.8466585278511047}!Marti Technologies says ride-hailing service reaches 3.8M riders
VNDA,DJ-N,Dow Jones Global Equity Trader,2025-12-31 11:02:00,2025-12-31T11:02:00+00:00,DJ-N$1d202e20,Vanda Pharmaceuticals Files 8K - Other Events >VNDA,"{A:800015,800015:L:en,en:K:n/a:C:0.99971604347229}Vanda Pharmaceuticals Files 8K - Other Events >VNDA"
MRT,DJ-N,Dow Jones Global Equity Trader,2025-12-31 11:00:00,2025-12-31T11:00:00+00:00,DJ-N$1d202db1,"* Marti's Ride-Hailing Service Reaches 3.38M Riders and 450,000 Registered Drivers, Exceeding Dec 31, 2025 Targets","{A:800015,800015:L:en,en:K:n/a:C:0.37061500549316406}* Marti's Ride-Hailing Service Reaches 3.38M Riders and 450,000 Registered Drivers, Exceeding Dec 31, 2025 Targets"
MRT,DJ-N,Dow Jones Global Equity Trader,2025-12-31 11:00:00,2025-12-31T11:00:00+00:00,DJ-N$1d202cf6,"Press Release: Marti's Ride-Hailing Service Reaches 3.38 Million Riders and 450 Thousand Registered Drivers, Exceeding December 31, 2025 Targets","{A:800015,800015:L:en,en:K:0.65:C:0.645786702632904}Press Release: Marti's Ride-Hailing Service Reaches 3.38 Million Riders and 450 Thousand Registered Drivers, Exceeding December 31, 2025 Targets"
VNDA,FLY,The Fly,2025-12-31 10:05:05,2025-12-31T10:05:05+00:00,FLY$1d201d4e,!Vanda jumps 18% to $8.33 after motion sickness FDA approval,{A:800015:L:en:K:0.97:C:0.97}!Vanda jumps 18% to $8.33 after motion sickness FDA approval
VNDA,FLY,The Fly,2025-12-31 10:04:15,2025-12-31T10:04:15+00:00,FLY$1d201d25,!Vanda Pharmaceuticals price target raised to $7.50 from $5 at Jefferies,{A:800015:L:en:K:0.97:C:0.97}!Vanda Pharmaceuticals price target raised to $7.50 from $5 at Jefferies
VNDA,FLY,The Fly,2025-12-31 10:01:05,2025-12-31T10:01:05+00:00,FLY$1d201c7e,!Vanda receives FDA approval of Nereus for motion sickness,{A:800015:L:en:K:0.97:C:0.97}!Vanda receives FDA approval of Nereus for motion sickness
VNDA,DJ-N,Dow Jones Global Equity Trader,2025-12-30 23:46:00,2025-12-30T23:46:00+00:00,DJ-N$1d1f34a6,Vanda Pharma Shares Rise After FDA Approves Motion Sickness Treatment,"{A:800015,800015:L:en,en:K:0.97:C:0.97}Vanda Pharma Shares Rise After FDA Approves Motion Sickness Treatment"
VNDA,DJ-RT,Dow Jones Trader News,2025-12-30 23:46:00,2025-12-30T23:46:00+00:00,DJ-RT$1d1f34a6,Vanda Pharma Shares Rise After FDA Approves Motion Sickness Treatment,"{A:800015,800015:L:en,en:K:0.97:C:0.97}Vanda Pharma Shares Rise After FDA Approves Motion Sickness Treatment"
VNDA,DJ-RTG,Dow Jones Top Stories Global,2025-12-30 23:46:00,2025-12-30T23:46:00+00:00,DJ-RTG$1d1f34a6,Vanda Pharma Shares Rise After FDA Approves Motion Sickness Treatment,"{A:800015,800015:L:en,en:K:0.97:C:0.97}Vanda Pharma Shares Rise After FDA Approves Motion Sickness Treatment"
VNDA,DJ-N,Dow Jones Global Equity Trader,2025-12-30 23:35:00,2025-12-30T23:35:00+00:00,DJ-N$1d1f2ac9,*  Vanda Pharmaceuticals Inc. (VNDA) Resumed Trading,"{A:800015,800015:L:en,en:K:n/a:C:0.9999390840530396}*  Vanda Pharmaceuticals Inc. (VNDA) Resumed Trading"
VNDA,FLY,The Fly,2025-12-30 23:34:59,2025-12-30T23:34:59+00:00,FLY$1d1f2ad1,!Vanda trading resumes,{A:800015:L:en:K:n/a:C:0.9675512313842773}!Vanda trading resumes
ORIS,FLY,The Fly,2025-12-30 23:34:59,2025-12-30T23:34:59+00:00,FLY$1d1f2ad0,Closing Bell Movers: One Stop System rises after agreeing to sell Bressner,{A:800015:L:en:K:n/a:C:0.8030333518981934}Closing Bell Movers: One Stop System rises after agreeing to sell Bressner
