symbol,name,exchange,market_cap,share_outstanding,float_shares,sector,industry,country,currency
A,"Agilent Technologies, Inc.",NYQ,39233622016.0,283498871.0,282526470.0,Healthcare,Diagnostics & Research,United States,USD
AA,Alcoa Corporation,NYQ,14048798720.0,258964032.0,257034750.0,Basic Materials,Aluminum,United States,USD
AAA,Alternative Access First Priority CLO Bond ETF,PCX,,,,,,,USD
AAAC,Columbia AAA CLO ETF,PCX,,,,,,,USD
AAM,AA Mission Acquisition Corp.,NYQ,467883360.0,35349000.0,31941394.0,Financial Services,Shell Companies,United States,USD
AAMI,Acadian Asset Management Inc.,NYQ,1732580352.0,35709120.0,27250344.0,Financial Services,Asset Management,United States,USD
AAP,"Advance Auto Parts, Inc.",NYQ,2475917568.0,60022245.0,59769551.0,Consumer Cyclical,Auto Parts,United States,USD
AAT,"American Assets Trust, Inc.",NYQ,1461622912.0,61152542.0,52068332.0,Real Estate,REIT - Diversified,United States,USD
AB,AllianceBernstein Holding L.P.,NYQ,4329745920.0,90993251.0,90124265.0,Financial Services,Asset Management,United States,USD
ABBV,AbbVie Inc.,NYQ,406463086592.0,1767384632.0,1763938232.0,Healthcare,Drug Manufacturers - General,United States,USD
ABCB,Ameris Bancorp,NYQ,5212600320.0,68315144.0,64130120.0,Financial Services,Banks - Regional,United States,USD
ABEQ,Absolute Select Value ETF,PCX,,,,,,,USD
ABEV,Ambev S.A.,NYQ,37889912832.0,15592556051.0,4253148045.0,Consumer Defensive,Beverages - Brewers,Brazil,USD
ABG,"Asbury Automotive Group, Inc.",NYQ,4747258368.0,19440558.0,14932876.0,Consumer Cyclical,Auto & Truck Dealerships,United States,USD
ABM,ABM Industries Incorporated,NYQ,2612850176.0,60177625.0,59475954.0,Industrials,Specialty Business Services,United States,USD
ABNY,YieldMax ABNB Option Income Str,PCX,,,,,,,USD
ABT,Abbott Laboratories,NYQ,217278889984.0,1738871947.0,1728595214.0,Healthcare,Medical Devices,United States,USD
ACA,"Arcosa, Inc.",NYQ,5408685056.0,49045025.0,48143087.0,Industrials,Engineering & Construction,United States,USD
ACCO,ACCO Brands Corporation,NYQ,336207776.0,90136133.0,86470296.0,Industrials,Business Equipment & Supplies,United States,USD
ACCS,ACCESS Newswire Inc.,ASE,33194536.0,3868826.0,2029161.0,Communication Services,Advertising Agencies,United States,USD
ACEI,Innovator Equity Autocallable I,PCX,,,,,,,USD
ACEL,"Accel Entertainment, Inc.",NYQ,986237440.0,83207946.0,43677515.0,Consumer Cyclical,Gambling,United States,USD
ACES,ALPS Clean Energy ETF,PCX,,,,,,,USD
ACI,"Albertsons Companies, Inc.",NYQ,9746926592.0,549307530.0,389288753.0,Consumer Defensive,Grocery Stores,United States,USD
ACII,Innovator Index Autocallable In,PCX,,,,,,,USD
ACKY,VistaShares Target 15 ACKtivist Select Income ETF,PCX,,,,,,,USD
ACLC,American Century ETF Trust - American Century Large Cap Equity ETF,PCX,,,,,,,USD
ACLO,TCW AAA CLO ETF,NYQ,,,,,,,USD
ACM,AECOM,NYQ,12900250624.0,131833332.0,131120114.0,Industrials,Engineering & Construction,United States,USD
ACN,Accenture plc,NYQ,168113438720.0,615435159.0,614236120.0,Technology,Information Technology Services,Ireland,USD
ACP,Abrdn Income Credit Strategies Fund,NYQ,688833984.0,125470678.0,,Financial Services,Asset Management,United Kingdom,USD
ACV,Virtus Diversified Income & Convertible Fund,NYQ,278403840.0,10376587.0,,Financial Services,Asset Management,United States,USD
ACVA,ACV Auctions Inc.,NYQ,1498949248.0,172171225.0,167465785.0,Consumer Cyclical,Auto & Truck Dealerships,United States,USD
ACVF,American Conservative Values ETF,PCX,,,,,,,USD
ACVT,Advent Convertible Bond ETF,PCX,,,,,,,USD
AD,"Array Digital Infrastructure, Inc.",NYQ,4624778752.0,53374000.0,15465475.0,Communication Services,Telecom Services,United States,USD
ADC,Agree Realty Corporation,NYQ,8346417664.0,114934390.0,112603924.0,Real Estate,REIT - Retail,United States,USD
ADCT,ADC Therapeutics SA,NYQ,434808672.0,123877111.0,107806533.0,Healthcare,Biotechnology,Switzerland,USD
ADIV,Guinness Atkinson Asia Pacific Dividend Builder ETF,PCX,,,,,,,USD
ADM,Archer-Daniels-Midland Company,NYQ,27829792768.0,480569735.0,474788481.0,Consumer Defensive,Farm Products,United States,USD
ADNT,Adient plc,NYQ,1585920512.0,79151497.0,78073454.0,Consumer Cyclical,Auto Parts,Ireland,USD
ADPV,Adaptiv Select ETF,PCX,,,,,,,USD
ADT,ADT Inc.,NYQ,6675456512.0,765018211.0,506856707.0,Industrials,Security & Protection Services,United States,USD
ADVE,Matthews Asia Dividend Active ETF,PCX,,,,,,,USD
ADX,"Adams Diversified Equity Fund, Inc.",NYQ,2808525312.0,120125125.0,118379743.0,Financial Services,Asset Management,United States,USD
AEE,Ameren Corporation,NYQ,26998095872.0,270494916.0,269212770.0,Utilities,Utilities - Regulated Electric,United States,USD
AEF,"abrdn Emerging Markets ex-China Fund, Inc.",ASE,287864096.0,40601423.0,,Financial Services,Asset Management,United Kingdom,USD
AEFC,Aegon Funding Company LLC 5.10%,NYQ,,,,,,,USD
AEG,Aegon Ltd.,NYQ,11727381504.0,1504328323.0,1194063610.0,Financial Services,Insurance - Diversified,Netherlands,USD
AEM,Agnico Eagle Mines Limited,NYQ,91979956224.0,502046562.0,501333656.0,Basic Materials,Gold,Canada,USD
AEO,"American Eagle Outfitters, Inc.",NYQ,4468336640.0,169512006.0,153957584.0,Consumer Cyclical,Apparel Retail,United States,USD
AEON,"AEON Biopharma, Inc.",ASE,14076000.0,13800000.0,8390973.0,Healthcare,Biotechnology,United States,USD
AES,The AES Corporation,NYQ,10019542016.0,712120944.0,708061855.0,Utilities,Utilities - Diversified,United States,USD
AESI,Atlas Energy Solutions Inc.,NYQ,1565984128.0,123982170.0,94127263.0,Energy,Oil & Gas Equipment & Services,United States,USD
AETH,Bitwise Trendwise Ethereum & Treasuries Rotation Strategy ETF,PCX,,,,,,,USD
AEXA,American Exceptionalism Acquisition Corp. A,NYQ,563852096.0,34675000.0,,,,,USD
AFB,"AllianceBernstein National Municipal Income Fund, Inc.",NYQ,308433152.0,28744936.0,,Financial Services,Asset Management,United States,USD
AFG,"American Financial Group, Inc.",NYQ,11523037184.0,83403572.0,66532697.0,Financial Services,Insurance - Property & Casualty,United States,USD
AFGB,"American Financial Group, Inc. ",NYQ,,,,,,,USD
AFGC,"American Financial Group, Inc.",NYQ,18913238.0,998060.0,,,,,USD
AFGD,"American Financial Group, Inc.",NYQ,,,,,,,USD
AFGE,"American Financial Group, Inc.",NYQ,,,,,,,USD
AFIX,Allspring Broad Market Core Bond ETF,PCX,,,,,,,USD
AFK,VanEck Africa Index ETF,PCX,,,,,,,USD
AFL,Aflac Incorporated,NYQ,58777980928.0,524113917.0,519936729.0,Financial Services,Insurance - Life,United States,USD
AFLG,First Trust Active Factor Large Cap ETF,PCX,,,,,,,USD
AFMC,First Trust Active Factor Mid Cap ETF,PCX,,,,,,,USD
AFSM,First Trust Active Factor Small Cap ETF,PCX,,,,,,,USD
AG,First Majestic Silver Corp.,NYQ,8542002688.0,490028835.0,485810584.0,Basic Materials,Silver,Canada,USD
AGCO,AGCO Corporation,NYQ,7869054976.0,74623566.0,61918904.0,Industrials,Farm & Heavy Construction Machinery,United States,USD
AGD,Abrdn Global Dynamic Dividend Fund,NYQ,301267200.0,24877555.0,,Financial Services,Asset Management,United Kingdom,USD
AGG,iShares Core U.S. Aggregate Bond ETF,PCX,57282904064.0,572600000.0,,,,,USD
AGGH,Simplify Aggregate Bond ETF,PCX,,,,,,,USD
AGGS,Harbor Disciplined Bond ETF,PCX,,,,,,,USD
AGGY,WisdomTree Yield Enhanced U.S. Aggregate Bond Fund,PCX,,,,,,,USD
AGI,Alamos Gold Inc.,NYQ,17116641280.0,419834202.0,419370222.0,Basic Materials,Gold,Canada,USD
AGIG,Abundia Global Impact Group Inc,ASE,71621464.0,36918281.0,5615671.0,Utilities,Utilities - Renewable,United States,USD
AGIQ,Sofi Agentic AI ETF,PCX,,,,,,,USD
AGL,"agilon health, inc.",NYQ,300903328.0,414581604.0,268599130.0,Healthcare,Medical Care Facilities,United States,USD
AGM,Federal Agricultural Mortgage Corporation,NYQ,1936569728.0,9373642.0,10276829.0,Financial Services,Credit Services,United States,USD
AGO,Assured Guaranty Ltd.,NYQ,4314325504.0,46109095.0,43368415.0,Financial Services,Insurance - Specialty,Bermuda,USD
AGOX,Adaptive Alpha Opportunities ETF,PCX,,,,,,,USD
AGQ,ProShares Ultra Silver,PCX,,,,,,,USD
AGQI,First Trust Active Global Quality Income ETF,PCX,,,,,,,USD
AGX,"Argan, Inc.",NYQ,4510800896.0,13873410.0,13315421.0,Industrials,Engineering & Construction,United States,USD
AGZ,iShares Agency Bond ETF,PCX,,,,,,,USD
AHH,"Armada Hoffler Properties, Inc.",NYQ,685221888.0,80153392.0,78980748.0,Real Estate,REIT - Diversified,United States,USD
AHL,Aspen Insurance Holdings Limite,NYQ,3401693184.0,91838366.0,15475683.0,Financial Services,Insurance - Property & Casualty,Bermuda,USD
AHLT,American Beacon AHL Trend ETF,PCX,,,,,,,USD
AHT,"Ashford Hospitality Trust, Inc.",NYQ,24786970.0,6411532.0,5817888.0,Real Estate,REIT - Hotel & Motel,United States,USD
AHYB,American Century Select High Yield ETF,PCX,,,,,,,USD
AI,"C3.ai, Inc.",NYQ,1969138304.0,137253289.0,130794986.0,Technology,Software - Infrastructure,United States,USD
AIBD,Direxion Daily AI And Big Data Bear 2X Shares,PCX,,,,,,,USD
AIEQ,Amplify AI Powered Equity ETF,PCX,,,,,,,USD
AIG,"American International Group, Inc.",NYQ,47910252544.0,539576054.0,538011283.0,Financial Services,Insurance - Diversified,United States,USD
AII,"American Integrity Insurance Group, Inc.",NYQ,402890624.0,19576804.0,11814993.0,Financial Services,Insurance - Property & Casualty,United States,USD
AIIA,AI Infrastructure Acquisition Corp.,NYQ,191740672.0,14690000.0,,,,,USD
AIM,AIM ImmunoTech Inc.,ASE,3673351.0,2938681.0,2747035.0,Healthcare,Biotechnology,United States,USD
AIN,Albany International Corp.,NYQ,1519962368.0,28663591.0,28425628.0,Consumer Cyclical,Textile Manufacturing,United States,USD
AINP,Allspring Income Plus ETF,PCX,,,,,,,USD
AIO,Virtus Artificial Intelligence & Technology Opportunities Fund,NYQ,797753600.0,34430453.0,,Financial Services,Asset Management,United States,USD
AIS,VistaShares Artificial Intelligence Supercycle ETF,PCX,,,,,,,USD
AIT,"Applied Industrial Technologies, Inc.",NYQ,9995728896.0,37717910.0,37344880.0,Industrials,Industrial Distribution,United States,USD
AIV,Apartment Investment and Management Company,NYQ,864453248.0,144075540.0,122920928.0,Real Estate,REIT - Residential,United States,USD
AIVC,Amplify Bloomberg AI Value Chain ETF,PCX,,,,,,,USD
AIVI,WisdomTree International Al Enhanced Value Fund,PCX,,,,,,,USD
AIVL,WisdomTree U.S. Al Enhanced Value Fund,PCX,,,,,,,USD
AIYY,YieldMax AI Option Income Strategy ETF,PCX,,,,,,,USD
AIZ,"Assurant, Inc.",NYQ,12116770816.0,50081110.0,49787635.0,Financial Services,Insurance - Property & Casualty,United States,USD
AIZN,"Assurant, Inc. 5.25% Subordinat",NYQ,,,,,,,USD
AJG,Arthur J. Gallagher & Co.,NYQ,67149373440.0,256805000.0,253898160.0,Financial Services,Insurance Brokers,United States,USD
AKA,a.k.a. Brands Holding Corp.,NYQ,123296136.0,10739676.0,772075.0,Consumer Cyclical,Apparel Retail,United States,USD
AKAF,The Frontier Economic Fund,NYQ,,,,,,,USD
AL,Air Lease Corporation,NYQ,7176432640.0,111765032.0,105127307.0,Industrials,Rental & Leasing Services,United States,USD
ALAI,Alger AI Enablers & Adopters ETF,PCX,,,,,,,USD
ALB,Albemarle Corporation,NYQ,17655805952.0,117697540.0,117303253.0,Basic Materials,Specialty Chemicals,United States,USD
ALC,Alcon Inc.,NYQ,39634198528.0,491200000.0,490207776.0,Healthcare,Medical Instruments & Supplies,Switzerland,USD
ALEX,"Alexander & Baldwin, Inc.",NYQ,1503189888.0,72638416.0,72174210.0,Real Estate,REIT - Retail,United States,USD
ALG,Alamo Group Inc.,NYQ,2112446080.0,12115428.0,11938300.0,Industrials,Farm & Heavy Construction Machinery,United States,USD
ALH,Alliance Laundry Holdings Inc.,NYQ,4330355200.0,202826920.0,45617212.0,Consumer Cyclical,"Furnishings, Fixtures & Appliances",United States,USD
ALIT,"Alight, Inc.",NYQ,1082495488.0,522778829.0,462915425.0,Technology,Software - Application,United States,USD
ALK,"Alaska Air Group, Inc.",NYQ,5972254208.0,115988613.0,115412150.0,Industrials,Airlines,United States,USD
ALL,The Allstate Corporation,NYQ,54756409344.0,261681708.0,260135169.0,Financial Services,Insurance - Property & Casualty,United States,USD
ALLE,Allegion plc,NYQ,13833076736.0,86031953.0,84828366.0,Industrials,Security & Protection Services,Ireland,USD
ALLY,Ally Financial Inc.,NYQ,14250540032.0,308053195.0,276714943.0,Financial Services,Credit Services,United States,USD
ALSN,"Allison Transmission Holdings, Inc.",NYQ,8439435776.0,83228716.0,100755723.0,Consumer Cyclical,Auto Parts,United States,USD
ALTG,Alta Equipment Group Inc.,NYQ,152150528.0,32235283.0,16559587.0,Industrials,Rental & Leasing Services,United States,USD
ALTL,Pacer Lunt Large Cap Alternator ETF,PCX,,,,,,,USD
ALV,"Autoliv, Inc.",NYQ,9245284352.0,75965348.0,75681238.0,Consumer Cyclical,Auto Parts,Sweden,USD
ALX,"Alexander's, Inc.",NYQ,1114206464.0,5107290.0,2125654.0,Real Estate,REIT - Retail,United States,USD
AM,Antero Midstream Corporation,NYQ,8482227200.0,476275000.0,332611409.0,Energy,Oil & Gas Midstream,United States,USD
AMAX,Adaptive Hedged Multi-Asset Income ETF,PCX,,,,,,,USD
AMBO,Ambow Education Holding Ltd.,ASE,8569131.0,2620955.0,34316501.0,Consumer Defensive,Education & Training Services,United States,USD
AMBP,Ardagh Metal Packaging S.A.,NYQ,2426660352.0,597699586.0,143196966.0,Consumer Cyclical,Packaging & Containers,Luxembourg,USD
AMBQ,"Ambiq Micro, Inc.",NYQ,549395584.0,18313186.0,16165416.0,Technology,Semiconductors,United States,USD
AMC,"AMC Entertainment Holdings, Inc.",NYQ,866874624.0,512943561.0,462049301.0,Communication Services,Entertainment,United States,USD
AMDY,YieldMax AMD Option Income Strategy ETF,PCX,,,,,,,USD
AME,"AMETEK, Inc.",NYQ,48142352384.0,230203873.0,228974584.0,Industrials,Specialty Industrial Machinery,United States,USD
AMG,"Affiliated Managers Group, Inc.",NYQ,8411959808.0,28128908.0,27006565.0,Financial Services,Asset Management,United States,USD
AMH,American Homes 4 Rent,NYQ,13472978944.0,370470821.0,319407134.0,Real Estate,REIT - Residential,United States,USD
AMJB,Alerian MLP Index ETN,PCX,,,,,,,USD
AMLP,Alerian MLP ETF,PCX,,,,,,,USD
AMN,"AMN Healthcare Services, Inc.",NYQ,618461888.0,38413780.0,35691780.0,Healthcare,Medical Care Facilities,United States,USD
AMOM,QRAFT AI-Enhanced U.S. Large Cap Momentum ETF,PCX,,,,,,,USD
AMP,"Ameriprise Financial, Inc.",NYQ,47308300288.0,92905713.0,92544310.0,Financial Services,Asset Management,United States,USD
AMPX,"Amprius Technologies, Inc.",NYQ,1079101440.0,130483838.0,121447832.0,Industrials,Electrical Equipment & Parts,United States,USD
AMPY,Amplify Energy Corp.,NYQ,184570544.0,40475997.0,32611106.0,Energy,Oil & Gas E&P,United States,USD
AMS,American Shared Hospital Services,ASE,14002021.0,6543000.0,3850621.0,Healthcare,Medical Care Facilities,United States,USD
AMT,American Tower Corporation,NYQ,82604204032.0,468146623.0,466793679.0,Real Estate,REIT - Specialty,United States,USD
AMTB,Amerant Bancorp Inc.,NYQ,849523136.0,41952590.0,37431869.0,Financial Services,Banks - Regional,United States,USD
AMTD,AMTD IDEA Group,NYQ,81030832.0,42487253.0,208541538.0,Financial Services,Asset Management,France,USD
AMTM,"Amentum Holdings, Inc.",NYQ,7245559296.0,243712062.0,151742061.0,Industrials,Specialty Business Services,United States,USD
AMX,"América Móvil, S.A.B. de C.V.",NYQ,62658461696.0,3013875000.0,18270854858.0,Communication Services,Telecom Services,Mexico,USD
AMZA,InfraCap MLP ETF,PCX,,,,,,,USD
AMZE,"Amaze Holdings, Inc.",ASE,6674525.0,19941815.0,18404102.0,Consumer Defensive,Beverages - Wineries & Distilleries,United States,USD
AMZY,YieldMax AMZN Option Income Strategy ETF,PCX,,,,,,,USD
AN,"AutoNation, Inc.",NYQ,7713135616.0,36272177.0,34503409.0,Consumer Cyclical,Auto & Truck Dealerships,United States,USD
ANDG,Andersen Group Inc.,NYQ,2813755392.0,12650000.0,,Consumer Cyclical,Personal Services,United States,USD
ANET,"Arista Networks, Inc.",NYQ,166024151040.0,1259285070.0,1041479124.0,Technology,Computer Hardware,United States,USD
ANF,Abercrombie & Fitch Co.,NYQ,5970335744.0,45857556.0,44756975.0,Consumer Cyclical,Apparel Retail,United States,USD
ANGX,"Angel Studios, Inc.",NYQ,812811456.0,111053974.0,86971473.0,Communication Services,Entertainment,United States,USD
ANVS,"Annovis Bio, Inc.",NYQ,95410392.0,26502889.0,22408193.0,Healthcare,Biotechnology,United States,USD
AOA,iShares Core 80/20 Aggressive Allocation ETF,PCX,,,,,,,USD
AOD,Abrdn Total Dynamic Dividend Fund,NYQ,1052201344.0,105430999.0,,Financial Services,Asset Management,United Kingdom,USD
AOK,iShares Core 30/70 Conservative Allocation ETF,PCX,,,,,,,USD
AOM,iShares Core 40/60 Moderate Allocation ETF,PCX,,,,,,,USD
AOMD,"Angel Oak Mortgage REIT, Inc. 9",NYQ,,,,,,,USD
AOMN,"Angel Oak Mortgage REIT, Inc. 9",NYQ,,,,,,,USD
AON,Aon plc,NYQ,76903219200.0,214935265.0,208063785.0,Financial Services,Insurance Brokers,Ireland,USD
AOS,A. O. Smith Corporation,NYQ,9495181312.0,113372121.0,112207580.0,Industrials,Specialty Industrial Machinery,United States,USD
AOTS,EA Series Trust - AOT Software Platform ETF,ASE,,,,,,United States,USD
AP,Ampco-Pittsburgh Corporation,NYQ,94517704.0,20326389.0,14395962.0,Industrials,Metal Fabrication,United States,USD
APAM,Artisan Partners Asset Management Inc.,NYQ,2947089408.0,70461656.0,63175921.0,Financial Services,Asset Management,United States,USD
APCB,ActivePassive Core Bond ETF,PCX,,,,,,,USD
APD,"Air Products and Chemicals, Inc.",NYQ,55073652736.0,222591758.0,222280841.0,Basic Materials,Specialty Chemicals,United States,USD
APG,APi Group Corporation,NYQ,16457397248.0,415905916.0,364129789.0,Industrials,Engineering & Construction,United States,USD
APH,Amphenol Corporation,NYQ,168221949952.0,1224055508.0,1216246034.0,Technology,Electronic Components,United States,USD
APIE,ActivePassive International Equity ETF,PCX,,,,,,,USD
APLE,"Apple Hospitality REIT, Inc.",NYQ,2853357568.0,236575692.0,219691285.0,Real Estate,REIT - Hotel & Motel,United States,USD
APLY,YieldMax AAPL Option Income Strategy ETF,PCX,,,,,,,USD
APO,"Apollo Global Management, Inc.",NYQ,86204366848.0,580422573.0,457500680.0,Financial Services,Asset Management,United States,USD
APOS,"Apollo Global Management, Inc. ",NYQ,,,,,,,USD
APT,"Alpha Pro Tech, Ltd.",ASE,46620280.0,10360062.0,8126847.0,Industrials,Building Products & Equipment,Canada,USD
APTV,Aptiv PLC,NYQ,16747908096.0,216079411.0,214043943.0,Consumer Cyclical,Auto Parts,Switzerland,USD
AQN,Algonquin Power & Utilities Corp.,NYQ,4758083584.0,768153848.0,642307473.0,Utilities,Utilities - Diversified,Canada,USD
AQNB,Algonquin Power & Utilities Cor,NYQ,,,,,,,USD
AS,"Amer Sports, Inc.",NYQ,21278906368.0,554571446.0,156931661.0,Consumer Cyclical,Leisure,Finland,USD
ASA,ASA Gold and Precious Metals Limited,NYQ,1178577152.0,18872332.0,11763502.0,Financial Services,Asset Management,United States,USD
ASAN,"Asana, Inc.",NYQ,3271980032.0,157538321.0,87338156.0,Technology,Software - Application,United States,USD
ASB,Associated Banc-Corp,NYQ,4373843456.0,165927302.0,162221465.0,Financial Services,Banks - Regional,United States,USD
ASBA,,NYQ,,,,,,,USD
ASC,Ardmore Shipping Corporation,NYQ,439534688.0,40697657.0,36519453.0,Industrials,Marine Shipping,Bermuda,USD
ASCE,Allspring SMID Core ETF,PCX,,,,,,,USD
ASEA,Global X FTSE Southeast Asia ETF,PCX,,,,,,,USD
ASG,"Liberty All-Star Growth Fund, Inc.",NYQ,335196544.0,61958696.0,,Financial Services,Asset Management,United States,USD
ASGI,Abrdn Global Infrastructure Income Fund,NYQ,722885248.0,31622275.0,,Financial Services,Asset Management,United States,USD
ASGM,Virtus AlphaSimplex Global Macro ETF,PCX,,,,,,,USD
ASGN,ASGN Incorporated,NYQ,2190875904.0,42700000.0,41161946.0,Technology,Information Technology Services,United States,USD
ASH,Ashland Inc.,NYQ,2731997440.0,45762099.0,39286946.0,Basic Materials,Specialty Chemicals,United States,USD
ASHS,Xtrackers Harvest CSI 500 China A-Shares Small Cap ETF,PCX,,,,,,,USD
ASIA,Matthews Pacific Tiger Active ETF,PCX,,,,,,,USD
ASIC,Ategrity Specialty Insurance Company Holdings,NYQ,1032472064.0,48066674.0,7594534.0,Financial Services,Insurance - Property & Casualty,United States,USD
ASIX,AdvanSix Inc.,NYQ,466896928.0,26864035.0,26013788.0,Basic Materials,Chemicals,United States,USD
ASLV,Allspring Special Large Value ETF,PCX,,,,,,,USD
ASM,Avino Silver & Gold Mines Ltd.,ASE,1079378944.0,156848423.0,148209928.0,Basic Materials,Other Precious Metals & Mining,Canada,USD
ASMF,Virtus AlphaSimplex Managed Fut,PCX,,,,,,,USD
ASMH,Precidian ETFs Trust - ASML Holding NV ADRhedged,PCX,,,,,,,USD
ASPN,"Aspen Aerogels, Inc.",NYQ,242982416.0,82647081.0,77113032.0,Industrials,Building Products & Equipment,United States,USD
ASX,"ASE Technology Holding Co., Ltd.",NYQ,34294761472.0,2181600491.0,3120773014.0,Technology,Semiconductors,Taiwan,USD
ATCH,"AtlasClear Holdings, Inc.",ASE,38371576.0,144580170.0,135981987.0,Financial Services,Capital Markets,United States,USD
ATEN,"A10 Networks, Inc.",NYQ,1303797760.0,71726487.0,70568104.0,Technology,Software - Infrastructure,United States,USD
ATFV,Alger 35 ETF,PCX,,,,,,,USD
ATGE,Adtalem Global Education Inc.,NYQ,3803153920.0,36328546.0,35485724.0,Consumer Defensive,Education & Training Services,United States,USD
ATHM,Autohome Inc.,NYQ,2796697088.0,118443735.0,248855109.0,Communication Services,Internet Content & Information,China,USD
ATHS,Athene Holding Ltd. 7.250% Fixe,NYQ,,,,,,,USD
ATI,ATI Inc.,NYQ,16119467008.0,135863661.0,134784904.0,Industrials,Metal Fabrication,United States,USD
ATNM,"Actinium Pharmaceuticals, Inc.",ASE,47417756.0,31195891.0,30858663.0,Healthcare,Biotechnology,United States,USD
ATO,Atmos Energy Corporation,NYQ,27194691584.0,161747997.0,160930143.0,Utilities,Utilities - Regulated Gas,United States,USD
ATS,ATS Corporation,NYQ,2756244480.0,96948447.0,75506911.0,Industrials,Specialty Industrial Machinery,Canada,USD
AVA,Avista Corporation,NYQ,3131184640.0,81371742.0,80658112.0,Utilities,Utilities - Diversified,United States,USD
AVAL,Grupo Aval Acciones y Valores S.A.,NYQ,5045709824.0,378212544.0,2967934469.0,Financial Services,Banks - Regional,Colombia,USD
AVB,"AvalonBay Communities, Inc.",NYQ,26085994496.0,141594945.0,133026304.0,Real Estate,REIT - Residential,United States,USD
AVBC,"Avidia Bancorp, Inc.",NYQ,348122176.0,18530379.0,19547040.0,Financial Services,Banks - Regional,United States,USD
AVD,American Vanguard Corporation,NYQ,114157248.0,28468140.0,26595790.0,Basic Materials,Agricultural Inputs,United States,USD
AVDE,Avantis International Equity ETF,PCX,,,,,,,USD
AVDS,Avantis International Small Cap Equity ETF,PCX,,,,,,,USD
AVDV,Avantis International Small Cap Value ETF,PCX,,,,,,,USD
AVEE,Avantis Emerging Markets Small Cap Equity ETF,PCX,,,,,,,USD
AVEM,Avantis Emerging Markets Equity ETF,PCX,,,,,,,USD
AVES,Avantis Emerging Markets Value ETF,PCX,,,,,,,USD
AVGE,Avantis All Equity Markets ETF,PCX,,,,,,,USD
AVGV,Avantis ALL Equity Markets Value ETF,PCX,,,,,,,USD
AVIE,Avantis Inflation Focused Equity ETF,PCX,,,,,,,USD
AVIG,Avantis Core Fixed Income ETF,PCX,,,,,,,USD
AVIV,Avantis International Large Cap Value ETF,PCX,,,,,,,USD
AVK,Advent Convertible and Income Fund,NYQ,556274176.0,44148745.0,,Financial Services,Asset Management,United States,USD
AVLC,Avantis U.S. Large Cap Equity E,PCX,,,,,,,USD
AVLV,Avantis US Large Cap Value ETF,PCX,,,,,,,USD
AVMA,Avantis Moderate Allocation ETF,PCX,,,,,,,USD
AVMC,Avantis U.S. Mid Cap Equity ETF,PCX,,,,,,,USD
AVMV,Avantis U.S. Mid Cap Value ETF,PCX,,,,,,,USD
AVNM,Avantis All International Markets Equity ETF,PCX,,,,,,,USD
AVNS,"Avanos Medical, Inc.",NYQ,529639744.0,46418907.0,42870182.0,Healthcare,Medical Devices,United States,USD
AVNT,Avient Corporation,NYQ,2908976640.0,91563628.0,90979452.0,Basic Materials,Specialty Chemicals,United States,USD
AVNV,Avantis All International Markets Value ETF,PCX,,,,,,,USD
AVSC,Avantis US Small Cap Equity ETF,PCX,,,,,,,USD
AVSD,Avantis Responsible International Equity ETF,PCX,,,,,,,USD
AVSE,Avantis Responsible Emerging Markets Equity ETF,PCX,,,,,,,USD
AVSF,Avantis Short-Term Fixed Income ETF,PCX,,,,,,,USD
AVY,Avery Dennison Corporation,NYQ,14109500416.0,77295394.0,76610557.0,Consumer Cyclical,Packaging & Containers,United States,USD
AX,"Axos Financial, Inc.",NYQ,4994301440.0,56644002.0,53913195.0,Financial Services,Banks - Regional,United States,USD
AXIA,AXIA Energia SA,NYQ,21011603456.0,1975745208.0,1215318660.0,Utilities,Utilities - Renewable,Brazil,USD
AXIL,"AXIL Brands, Inc.",ASE,50074688.0,6757717.0,3446571.0,Technology,Consumer Electronics,United States,USD
AXL,"American Axle & Manufacturing Holdings, Inc.",NYQ,766778880.0,118696421.0,115149772.0,Consumer Cyclical,Auto Parts,United States,USD
AXP,American Express Company,NYQ,265165914112.0,688851653.0,535912809.0,Financial Services,Credit Services,United States,USD
AXS,AXIS Capital Holdings Limited,NYQ,8520182272.0,77037743.0,76380611.0,Financial Services,Insurance - Specialty,Bermuda,USD
AXTA,Axalta Coating Systems Ltd.,NYQ,6916593664.0,213343421.0,212375872.0,Basic Materials,Specialty Chemicals,United States,USD
AYI,Acuity Inc.,NYQ,11471257600.0,30727680.0,30214677.0,Industrials,Electrical Equipment & Parts,United States,USD
AZNH,Precidian ETFs Trust - AstraZeneca PLC ADRhedged,PCX,,,,,,,USD
AZO,"AutoZone, Inc.",NYQ,57361068032.0,16567821.0,16518780.0,Consumer Cyclical,Auto Parts,United States,USD
AZTD,Aztlan Global Stock Selection Dm SMID ETF,PCX,,,,,,,USD
AZZ,AZZ Inc.,NYQ,3320706560.0,30057082.0,29460749.0,Industrials,Specialty Business Services,United States,USD
B,Barrick Mining Corporation,NYQ,79010889728.0,1687433930.0,1681274796.0,Basic Materials,Gold,Canada,USD
BA,The Boeing Company,NYQ,169487941632.0,783071257.0,728293074.0,Industrials,Aerospace & Defense,United States,USD
BAB,Invesco Taxable Municipal Bond ETF,PCX,968026496.0,35550000.0,,,,,USD
BABA,Alibaba Group Holding Limited,NYQ,363250155520.0,2386036266.0,17596889824.0,Consumer Cyclical,Internet Retail,Hong Kong,USD
BABO,YieldMax BABA Option Income Strategy ETF,PCX,,,,,,,USD
BAC,Bank of America Corporation,NYQ,416048218112.0,7302495550.0,7276498666.0,Financial Services,Banks - Diversified,United States,USD
BAH,Booz Allen Hamilton Holding Corporation,NYQ,10524205056.0,121301203.0,119146894.0,Industrials,Consulting Services,United States,USD
BAI,iShares A.I. Innovation and Tech Active ETF,PCX,,,,,,,USD
BAK,Braskem S.A.,NYQ,1167558656.0,172530183.0,203319879.0,Basic Materials,Chemicals,Brazil,USD
BALL,Ball Corporation,NYQ,14331361280.0,267987212.0,266925983.0,Consumer Cyclical,Packaging & Containers,United States,USD
BALY,Bally's Corporation,NYQ,873119552.0,49162136.0,10505948.0,Consumer Cyclical,Resorts & Casinos,United States,USD
BAM,Brookfield Asset Management Ltd.,NYQ,86160359424.0,1610718658.0,337514447.0,Financial Services,Asset Management,United States,USD
BANC,"Banc of California, Inc.",NYQ,3104109056.0,150826368.0,124669429.0,Financial Services,Banks - Regional,United States,USD
BAP,Credicorp Ltd.,NYQ,23135283200.0,79366317.0,53922454.0,Financial Services,Banks - Regional,Peru,USD
BATL,Battalion Oil Corporation,ASE,19089612.0,16456563.0,7223279.0,Energy,Oil & Gas E&P,United States,USD
BATT,Amplify Lithium & Battery Technology ETF,PCX,,,,,,,USD
BAX,Baxter International Inc.,NYQ,9962400768.0,514055805.0,511994441.0,Healthcare,Medical Instruments & Supplies,United States,USD
BB,BlackBerry Limited,NYQ,2342885632.0,590147550.0,588931846.0,Technology,Software - Infrastructure,Canada,USD
BBAG,JPMorgan BetaBuilders U.S. Aggregate Bond ETF,PCX,,,,,,,USD
BBAI,"BigBear.ai Holdings, Inc.",NYQ,2501438464.0,436551228.0,433469176.0,Technology,Information Technology Services,United States,USD
BBBI,Bondbloxx BBB Rated 5-10 Year Corporate Bond ETF,PCX,,,,,,,USD
BBBL,Bondbloxx BBB Rated 10+ Year Corporate Bond ETF,PCX,,,,,,,USD
BBBS,Bondbloxx BBB Rated 1-5 Year Corporate Bond ETF,PCX,,,,,,,USD
BBBY,"Bed Bath & Beyond, Inc.",NYQ,388995424.0,68848745.0,,,,,USD
BBC,Virtus LifeSci Biotech Clinical Trials ETF,PCX,,,,,,,USD
BBCB,JPMorgan BetaBuilders USD Investment Grade Corporate Bond ETF,PCX,,,,,,,USD
BBD,Banco Bradesco S.A.,NYQ,35432988672.0,5280641247.0,7558861646.0,Financial Services,Banks - Regional,Brazil,USD
BBDC,"Barings BDC, Inc.",NYQ,943275712.0,105158938.0,,Financial Services,Asset Management,United States,USD
BBDO,Banco Bradesco S.A.,NYQ,30990645248.0,5296370781.0,7558861646.0,Financial Services,Banks - Regional,Brazil,USD
BBHL,BBH Select Large Cap ETF,PCX,,,,,,,USD
BBHM,BBH Select Mid Cap ETF,PCX,,,,,,,USD
BBMC,JPMorgan BetaBuilders U.S. Mid Cap Equity ETF,PCX,,,,,,,USD
BBN,BlackRock Taxable Municipal Bond Trust,NYQ,1012779328.0,61792514.0,,Financial Services,Asset Management,United States,USD
BBP,Virtus LifeSci Biotech Products ETF,PCX,,,,,,,USD
BBSC,JPMorgan BetaBuilders U.S. Small Cap Equity ETF,PCX,,,,,,,USD
BBT,Beacon Financial Corporation,NYQ,2266923264.0,83908861.0,83000057.0,Financial Services,Banks - Regional,United States,USD
BBVA,"Banco Bilbao Vizcaya Argentaria, S.A.",NYQ,131202301952.0,5667486206.0,5988707571.0,Financial Services,Banks - Diversified,Spain,USD
BBY,"Best Buy Co., Inc.",NYQ,14625148928.0,209535103.0,194364762.0,Consumer Cyclical,Specialty Retail,United States,USD
BC,Brunswick Corporation,NYQ,4971020288.0,65036590.0,64368014.0,Consumer Cyclical,Recreational Vehicles,United States,USD
BCAT,BlackRock Capital Allocation Term Trust,NYQ,1491999872.0,104775271.0,,Financial Services,Asset Management,United States,USD
BCC,Boise Cascade Company,NYQ,2805164288.0,37043073.0,36633006.0,Basic Materials,Lumber & Wood Production,United States,USD
BCD,abrdn Bloomberg All Commodity Longer Dated Strategy K-1 Free ETF,PCX,,,,,,,USD
BCDF,Horizon Kinetics Blockchain Development ETF,PCX,,,,,,,USD
BCE,BCE Inc.,NYQ,21494720512.0,932525817.0,931555990.0,Communication Services,Telecom Services,Canada,USD
BCGD,Baron ETF Trust - Baron Global Durable Advantage ETF,NYQ,,,,,,,USD
BCH,Banco de Chile,NYQ,19375077376.0,505085406.0,34696336850.0,Financial Services,Banks - Regional,Chile,USD
BCHI,GMO Beyond China ETF,PCX,,,,,,,USD
BCI,abrdn Bloomberg All Commodity Strategy K-1 Free ETF,PCX,,,,,,,USD
BCIL,Bancreek International Large Cap ETF,PCX,,,,,,,USD
BCO,The Brink's Company,NYQ,4984059392.0,41545506.0,41198601.0,Industrials,Security & Protection Services,United States,USD
BCS,Barclays PLC,NYQ,89120153600.0,3462321478.0,13125289950.0,Financial Services,Banks - Diversified,United Kingdom,USD
BCSF,"Bain Capital Specialty Finance, Inc.",NYQ,903618368.0,64868507.0,,Financial Services,Asset Management,United States,USD
BCSM,Baron ETF Trust - Baron SMID Cap ETF,NYQ,,,,,,,USD
BCSS,Bain Capital GSS Investment Cor,NYQ,588672000.0,46900000.0,,,,,USD
BCV,Bancroft Fund Ltd.,ASE,130020472.0,5820312.0,,Financial Services,Asset Management,United States,USD
BCX,Blackrock Resources & Commodities Strategy Trust,NYQ,865595520.0,76238090.0,,Financial Services,Asset Management,United States,USD
BDBT,Bluemonte Core Bond ETF,PCX,,,,,,,USD
BDC,Belden Inc.,NYQ,4689800704.0,39300209.0,38804633.0,Technology,Communication Equipment,United States,USD
BDCX,ETRACS Quarterly Pay 1.5X Leveraged Wells Fargo BDC Index ETN,PCX,,,,,,,USD
BDCZ,UBS ETRACS Wells Fargo Business Development Company Index ETN,PCX,,,,,,,USD
BDIV,AAM Brentview Dividend Growth ETF,PCX,,,,,,,USD
BDJ,BlackRock Enhanced Equity Dividend Trust,NYQ,1649124480.0,176944689.0,,Financial Services,Asset Management,United States,USD
BDL,"Flanigan's Enterprises, Inc.",ASE,54978808.0,1858647.0,553319.0,Consumer Cyclical,Restaurants,United States,USD
BDN,Brandywine Realty Trust,NYQ,500253248.0,173699039.0,167581359.0,Real Estate,REIT - Office,United States,USD
BDVG,iMGP Berkshire Dividend Growth ETF,PCX,,,,,,,USD
BDX,"Becton, Dickinson and Company",NYQ,56036225024.0,284908096.0,284727838.0,Healthcare,Medical Instruments & Supplies,United States,USD
BE,Bloom Energy Corporation,NYQ,21328539648.0,236510755.0,220234085.0,Industrials,Electrical Equipment & Parts,United States,USD
BEDZ,AdvisorShares Hotel ETF,PCX,,,,,,,USD
BEKE,KE Holdings Inc.,NYQ,18855335936.0,1115991903.0,1986637788.0,Real Estate,Real Estate Services,China,USD
BEN,"Franklin Resources, Inc.",NYQ,12612441088.0,521390673.0,303897768.0,Financial Services,Asset Management,United States,USD
BENJ,Horizon Landmark ETF,PCX,,,,,,,USD
BEP,Brookfield Renewable Partners L.P.,NYQ,18634045440.0,305922080.0,298206139.0,Utilities,Utilities - Renewable,Canada,USD
BEPC,Brookfield Renewable Corporation,NYQ,7011773440.0,144885110.0,99750752.0,Utilities,Utilities - Renewable,United States,USD
BEPH,Brookfield BRP Holdings (Canada,NYQ,,,,,,,USD
BEPI,Brookfield BRP Holdings (Canada,NYQ,,,,,,,USD
BEPJ,Brookfield BRP Holdings (Canada,NYQ,,,,,,,USD
BETA,"BETA Technologies, Inc.",NYQ,7087943680.0,220528649.0,115999182.0,Industrials,Aerospace & Defense,United States,USD
BETE,Proshares Bitcoin & Ether Equal Weight ETF,PCX,,,,,,,USD
BETH,ProShares Bitcoin & Ether Market Cap Weight ETF,PCX,,,,,,,USD
BETZ,Roundhill Sports Betting & iGaming ETF,PCX,,,,,,,USD
BFAM,Bright Horizons Family Solutions Inc.,NYQ,5762256384.0,56553944.0,56108864.0,Consumer Cyclical,Personal Services,United States,USD
BFAP,FT Vest Bitcoin Strategy Floor15 ETF - April,PCX,,,,,,,USD
BFH,"Bread Financial Holdings, Inc.",NYQ,3494784000.0,45600000.0,45224619.0,Financial Services,Credit Services,United States,USD
BFIX,Build Bond Innovation ETF,PCX,,,,,,,USD
BFJL,FT Vest Bitcoin Strategy Floor15 ETF - July,PCX,,,,,,,USD
BFK,BlackRock Municipal Income Trust,NYQ,431531584.0,43854836.0,,Financial Services,Asset Management,United States,USD
BFLY,"Butterfly Network, Inc.",NYQ,972518080.0,226175175.0,184116627.0,Healthcare,Medical Devices,United States,USD
BFOC,FT Vest Bitcoin Strat Floor15 ETF - Oct,PCX,,,,,,,USD
BFS,"Saul Centers, Inc.",NYQ,1086083968.0,24412314.0,13573979.0,Real Estate,REIT - Retail,United States,USD
BFZ,BlackRock California Municipal Income Trust,NYQ,323484832.0,30063645.0,,Financial Services,Asset Management,United States,USD
BG,Bunge Global SA,NYQ,17224601600.0,193361047.0,159186416.0,Consumer Defensive,Farm Products,United States,USD
BGB,Blackstone Strategic Credit 2027 Term Fund,NYQ,528826304.0,44664382.0,,Financial Services,Asset Management,United States,USD
BGDV,Bahl & Gaynor Dividend ETF,PCX,,,,,,,USD
BGH,Barings Global Short Duration High Yield Fund,NYQ,306181408.0,20064313.0,,Financial Services,Asset Management,United States,USD
BGI,Birks Group Inc.,ASE,17856640.0,11876717.0,2849655.0,Consumer Cyclical,Luxury Goods,Canada,USD
BGIG,Bahl & Gaynor Income Growth ETF,PCX,,,,,,,USD
BGS,"B&G Foods, Inc.",NYQ,365617152.0,79977050.0,76907531.0,Consumer Defensive,Packaged Foods,United States,USD
BGSF,"BGSF, Inc.",NYQ,53310988.0,11199787.0,10447385.0,Industrials,Staffing & Employment Services,United States,USD
BGSI,Boyd Group Services Inc.,NYQ,4632558080.0,27829821.0,21408340.0,Consumer Cyclical,Auto & Truck Dealerships,Canada,USD
BGT,BlackRock Floating Rate Income Trust,NYQ,339703584.0,29824720.0,,Financial Services,Asset Management,United States,USD
BGX,Blackstone Long-Short Credit Income Fund,NYQ,149703488.0,12708275.0,,Financial Services,Asset Management,United States,USD
BGY,BlackRock Enhanced International Dividend Trust,NYQ,547404224.0,90614455.0,,Financial Services,Asset Management,United States,USD
BH,Biglari Holdings Inc.,NYQ,1103412608.0,2068640.0,181976.0,Consumer Cyclical,Restaurants,United States,USD
BHB,Bar Harbor Bankshares,ASE,531864832.0,16688573.0,16227134.0,Financial Services,Banks - Regional,United States,USD
BHC,Bausch Health Companies Inc.,NYQ,2670838016.0,370516926.0,223269794.0,Healthcare,Drug Manufacturers - Specialty & Generic,Canada,USD
BHE,"Benchmark Electronics, Inc.",NYQ,1607722240.0,35678935.0,34879727.0,Technology,Electronic Components,United States,USD
BHK,BlackRock Core Bond Trust,NYQ,691908032.0,72224224.0,,Financial Services,Asset Management,United States,USD
BHM,"Bluerock Homes Trust, Inc.",ASE,46001472.0,4048078.0,2559734.0,Real Estate,REIT - Residential,United States,USD
BHP,BHP Group Limited,NYQ,158986895360.0,2539105827.0,4823048765.0,Basic Materials,Other Industrial Metals & Mining,Australia,USD
BHV,BlackRock Virginia Municipal Bond Trust,NYQ,16687288.0,1588241.0,,Financial Services,Asset Management,United States,USD
BHVN,Biohaven Ltd.,NYQ,1479476608.0,132688489.0,92906952.0,Healthcare,Biotechnology,United States,USD
BIBL,Inspire 100 ETF,PCX,,,,,,,USD
BIDD,iShares International Dividend Active ETF,PCX,,,,,,,USD
BIGY,YieldMax Target 12 Big 50 Option Income ETF,PCX,,,,,,,USD
BIL,State Street SPDR Bloomberg 1-3 Month T-Bill ETF,PCX,,,,,,,USD
BILD,Nomura Global Listed Infrastructure ETF,PCX,,,,,,,USD
BILL,"BILL Holdings, Inc.",NYQ,5543923712.0,100156683.0,81860060.0,Technology,Software - Application,United States,USD
BILS,State Street SPDR Bloomberg 3-12 Month T-Bill ETF,PCX,,,,,,,USD
BILZ,PIMCO Ultra Short Government Active Exchange-Traded Fund,PCX,,,,,,,USD
BINC,iShares Flexible Income Active ETF,PCX,,,,,,,USD
BINT,Bluemonte Global Equity ETF,PCX,,,,,,,USD
BIO,"Bio-Rad Laboratories, Inc.",NYQ,8197113344.0,21906399.0,21118868.0,Healthcare,Medical Devices,United States,USD
BIP,Brookfield Infrastructure Partners L.P.,NYQ,16296980480.0,461240345.0,454961044.0,Utilities,Utilities - Diversified,Bermuda,USD
BIPC,Brookfield Infrastructure Corporation,NYQ,5546927104.0,119069841.0,106054547.0,Utilities,Utilities - Regulated Gas,United States,USD
BIPH,Safeplus International Holdings Limited,NYQ,,,,,,,USD
BIPI,BIP Bermuda Holdings I Limited ,NYQ,,,,,,,USD
BIPJ,Brookfield Infrastructure Finance ULC,NYQ,,,,,,,USD
BIT,BlackRock Multi-Sector Income Trust,NYQ,578661376.0,43904505.0,,Financial Services,Asset Management,United States,USD
BITB,Bitwise Bitcoin ETF,PCX,,,,,,,USD
BITC,Bitwise Trendwise Bitcoin and Treasuries Rotation Strategy ETF,PCX,,,,,,,USD
BITI,ProShares Short Bitcoin ETF,PCX,,,,,,,USD
BITO,ProShares Bitcoin ETF,PCX,,,,,,,USD
BITQ,Bitwise Crypto Industry Innovators ETF,PCX,,,,,,,USD
BIV,Vanguard Intermediate-Term Bond Index Fund,PCX,,,,,,,USD
BIZD,VanEck BDC Income ETF,PCX,,,,,,,USD
BJ,"BJ's Wholesale Club Holdings, Inc.",NYQ,12365053952.0,130847715.0,129938323.0,Consumer Defensive,Discount Stores,United States,USD
BK,The Bank of New York Mellon Corporation,NYQ,82844639232.0,697349124.0,695842850.0,Financial Services,Banks - Diversified,United States,USD
BKAG,BNY Mellon Core Bond ETF,PCX,,,,,,,USD
BKCG,BNY Mellon ETF Trust II: BNY Mellon Concentrated Growth ETF,PCX,,,,,,,USD
BKCI,BNY Mellon Concentrated International ETF,PCX,,,,,,,USD
BKD,Brookdale Senior Living Inc.,NYQ,2588382208.0,237684321.0,234100086.0,Healthcare,Medical Care Facilities,United States,USD
BKDV,BNY Mellon Dynamic Value ETF,PCX,,,,,,,USD
BKE,"The Buckle, Inc.",NYQ,2777804800.0,51156626.0,30406953.0,Consumer Cyclical,Apparel Retail,United States,USD
BKEM,BNY Mellon Emerging Markets Equity ETF,PCX,,,,,,,USD
BKF,iShares MSCI BIC ETF,PCX,190344672.0,4300000.0,,,,,USD
BKH,Black Hills Corporation,NYQ,5231060480.0,75473390.0,75102061.0,Utilities,Utilities - Regulated Gas,United States,USD
BKHY,BNY Mellon High Yield ETF,PCX,,,,,,,USD
BKIE,BNY Mellon International Equity ETF,PCX,,,,,,,USD
BKKT,"Bakkt Holdings, Inc.",NYQ,253365088.0,24038434.0,23178339.0,Technology,Software - Infrastructure,United States,USD
BKLC,BNY Mellon US Large Cap Core Equity ETF,PCX,,,,,,,USD
BKLN,Invesco Senior Loan ETF,PCX,,,,,,,USD
BKMC,BNY Mellon US Mid Cap Core Equity ETF,PCX,,,,,,,USD
BKN,BlackRock Investment Quality Municipal Trust Inc.,NYQ,190984912.0,17205846.0,,Financial Services,Asset Management,United States,USD
BKSE,BNY Mellon US Small Cap Core Equity ETF,PCX,,,,,,,USD
BKSY,BlackSky Technology Inc.,NYQ,695017024.0,35992596.0,28029499.0,Industrials,Specialty Business Services,United States,USD
BKT,"BlackRock Income Trust, Inc.",NYQ,358221824.0,32388952.0,,Financial Services,Asset Management,United States,USD
BKTI,BK Technologies Corporation,ASE,277709920.0,3732241.0,13389256.0,Technology,Communication Equipment,United States,USD
BKV,BKV Corporation,NYQ,2641647104.0,96870076.0,22092561.0,Energy,Oil & Gas E&P,United States,USD
BLCO,Bausch + Lomb Corporation,NYQ,6084980736.0,354189784.0,42456729.0,Healthcare,Medical Instruments & Supplies,Canada,USD
BLCV,iShares Large Cap Value Active ETF,PCX,,,,,,,USD
BLD,TopBuild Corp.,NYQ,12153724928.0,28071651.0,27696136.0,Industrials,Engineering & Construction,United States,USD
BLE,BlackRock Municipal Income Trust II,NYQ,492543200.0,47727056.0,,Financial Services,Asset Management,United States,USD
BLES,Inspire Global Hope ETF,PCX,,,,,,,USD
BLK,"BlackRock, Inc.",NYQ,168821260288.0,155150909.0,144039001.0,Financial Services,Asset Management,United States,USD
BLND,"Blend Labs, Inc.",NYQ,792228096.0,256119535.0,221177100.0,Technology,Software - Application,United States,USD
BLOK,Amplify Blockchain Technology ETF,PCX,,,,,,,USD
BLOX,Nicholas Crypto Income ETF,PCX,,,,,,,USD
BLSH,Bullish,NYQ,6199129088.0,150683739.0,42682750.0,Technology,Software - Infrastructure,Cayman Islands,USD
BLST,Bluemonte Short Term Bond ETF,PCX,,,,,,,USD
BLTD,Bluemonte Long Term Bond ETF,PCX,,,,,,,USD
BLV,Vanguard Long-Term Bond Fund,PCX,,,,,,,USD
BLX,"Banco Latinoamericano de Comercio Exterior, S. A.",NYQ,1636469760.0,28736597.0,28101586.0,Financial Services,Banks - Regional,Panama,USD
BMA,Banco Macro S.A.,NYQ,6441880576.0,62817774.0,221377710.0,Financial Services,Banks - Regional,Argentina,USD
BME,BlackRock Health Sciences Trust,NYQ,534799392.0,12924103.0,,Financial Services,Asset Management,United States,USD
BMED,iShares Health Innovation Active ETF,PCX,,,,,,,USD
BMEZ,BlackRock Health Sciences Term Trust,NYQ,1548190720.0,62501404.0,,Financial Services,Asset Management,United States,USD
BMI,"Badger Meter, Inc.",NYQ,5326663680.0,29469785.0,29320078.0,Technology,Scientific & Technical Instruments,United States,USD
BMN,Blackrock 2037 Municipal Target Term Trust,NYQ,159162752.0,6147653.0,,Financial Services,Asset Management,United States,USD
BMNZ,Defiance Daily Target 2X Short BMNR ETF,PCX,,,,,,,USD
BMO,Bank of Montreal,NYQ,94116126720.0,708905679.0,708232219.0,Financial Services,Banks - Diversified,Canada,USD
BMVP,Invesco Bloomberg MVP Multi-fac,PCX,,,,,,,USD
BMY,Bristol-Myers Squibb Company,NYQ,111233548288.0,2035753027.0,2032495822.0,Healthcare,Drug Manufacturers - General,United States,USD
BN,Brookfield Corporation,NYQ,105036570624.0,2244501647.0,1922353891.0,Financial Services,Asset Management,Canada,USD
BNDC,FlexShares Core Select Bond Fund,PCX,,,,,,,USD
BNDD,Quadratic Deflation ETF,PCX,,,,,,,USD
BNDI,Neos Enhanced Income Aggregate Bond ETF,PCX,,,,,,,USD
BNDS,Infrastructure Capital Bond Income ETF,PCX,,,,,,,USD
BNED,"Barnes & Noble Education, Inc.",NYQ,328619616.0,34053847.0,17301738.0,Consumer Cyclical,Specialty Retail,United States,USD
BNGE,First Trust S-Network Streaming & Gaming ETF,PCX,,,,,,,USD
BNH,NASDAQ DM Ex US Industrials Ind,NYQ,,,,,,,USD
BNJ,Brookfield Finance Inc. 4.50% P,NYQ,,,,,,,USD
BNKD,MicroSectors™ U.S. Big Banks -3x Inverse Leveraged ETNs,PCX,,,,,,,USD
BNL,"Broadstone Net Lease, Inc.",NYQ,3458315520.0,189216037.0,187340906.0,Real Estate,REIT - Diversified,United States,USD
BNO,"United States Brent Oil Fund, LP",PCX,,,,,,,USD
BNS,The Bank of Nova Scotia,NYQ,92420636672.0,1236305738.0,1220635023.0,Financial Services,Banks - Diversified,Canada,USD
BNT,Brookfield Wealth Solutions Ltd.,NYQ,12843448320.0,59928210.0,20203044.0,Financial Services,Insurance - Diversified,Bermuda,USD
BNY,BlackRock New York Municipal Income Trust,NYQ,242859248.0,24117105.0,,Financial Services,Asset Management,United States,USD
BOAT,SonicShares Global Shipping ETF,PCX,,,,,,,USD
BOBP,CORE16 Best of Breed Premier Index ETF,PCX,,,,,,,USD
BOC,Boston Omaha Corporation,NYQ,392538848.0,30872876.0,22091634.0,Industrials,Conglomerates,United States,USD
BOE,BlackRock Enhanced Global Dividend Trust,NYQ,670052800.0,55600125.0,,Financial Services,Asset Management,United States,USD
BOH,Bank of Hawaii Corporation,NYQ,2784160768.0,39785092.0,38950799.0,Financial Services,Banks - Regional,United States,USD
BOIL,ProShares Ultra Bloomberg Natural Gas,PCX,,,,,,,USD
BOND,PIMCO Active Bond Exchange-Traded Fund,NYQ,,,,,,,USD
BOOT,"Boot Barn Holdings, Inc.",NYQ,5682734592.0,30483634.0,30362309.0,Consumer Cyclical,Apparel Retail,United States,USD
BOX,"Box, Inc.",NYQ,4308293120.0,143227818.0,138531378.0,Technology,Software - Infrastructure,United States,USD
BP,BP p.l.c.,NYQ,88483356672.0,2549525643.0,14874593611.0,Energy,Oil & Gas Integrated,United Kingdom,USD
BPAY,iShares FinTech Active ETF,PCX,,,,,,,USD
BPH,Precidian ETFs Trust - BP p.l.c. ADRhedged,PCX,,,,,,,USD
BPI,Grayscale Bitcoin Premium Income ETF,PCX,,,,,,,USD
BQ,Boqii Holding Limited,ASE,9416173.0,4298128.0,2525632.0,Consumer Cyclical,Specialty Retail,China,USD
BSAC,Banco Santander-Chile,NYQ,14920222720.0,471115317.0,61116847842.0,Financial Services,Banks - Regional,Chile,USD
BSL,Blackstone Senior Floating Rate 2027 Term Fund,NYQ,176886144.0,13015904.0,,Financial Services,Asset Management,United States,USD
BSM,"Black Stone Minerals, L.P.",NYQ,2828363264.0,211862412.0,173881837.0,Energy,Oil & Gas E&P,United States,USD
BSOL,Bitwise Solana Staking ETF,PCX,,,,,,,USD
BST,BlackRock Science and Technology Trust,NYQ,1388106368.0,34720019.0,,Financial Services,Asset Management,United States,USD
BSTP,Innovator Buffer Step-Up Strategy ETF,PCX,,,,,,,USD
BSTZ,BlackRock Science and Technology Term Trust,NYQ,1611785856.0,68744150.0,,Financial Services,Asset Management,United States,USD
BSV,Vanguard Short-Term Bond Index Fund ETF Shares,PCX,,,,,,,USD
BSX,Boston Scientific Corporation,NYQ,142403371008.0,1482442039.0,1478320850.0,Healthcare,Medical Devices,United States,USD
BTA,BlackRock Long-Term Municipal Advantage Trust,NYQ,125797384.0,13439892.0,,Financial Services,Asset Management,United States,USD
BTAL,AGF U.S. Market Neutral Anti-Beta Fund,PCX,,,,,,,USD
BTC,Grayscale Bitcoin Mini Trust ETF,PCX,,,,,,,USD
BTCC,Grayscale Bitcoin Covered Call ETF,PCX,,,,,,,USD
BTE,Baytex Energy Corp.,NYQ,2401010176.0,768317006.0,669173934.0,Energy,Oil & Gas E&P,Canada,USD
BTG,B2Gold Corp.,ASE,6413461504.0,1336137739.0,1325862840.0,Basic Materials,Gold,Canada,USD
BTI,British American Tobacco p.l.c.,NYQ,124410617856.0,2172352328.0,2022451140.0,Consumer Defensive,Tobacco,United Kingdom,USD
BTO,John Hancock Financial Opportunities Fund,NYQ,704686720.0,19800132.0,,Financial Services,Asset Management,United States,USD
BTOP,Bitwise Trendwise BTC/ETH and Treasuries Rotation Strategy ETF,PCX,,,,,,,USD
BTOT,iShares Total USD Fixed Income Market ETF,PCX,,,,,,,USD
BTT,Blackrock Municipal 2030 Target Term Trust,NYQ,1466427136.0,63931752.0,,Financial Services,Asset Management,United States,USD
BTX,BlackRock Innovation and Growth Term Trust,NYQ,1431499008.0,116710298.0,,Financial Services,Asset Management,United States,USD
BTZ,BlackRock Credit Allocation Income Trust,NYQ,1012570368.0,93324457.0,,Financial Services,Asset Management,United States,USD
BV,"BrightView Holdings, Inc.",NYQ,1220413952.0,94700000.0,70692603.0,Industrials,Specialty Business Services,United States,USD
BVAL,Bluemonte Large Cap Value ETF,PCX,,,,,,,USD
BVN,Compañía de Minas Buenaventura S.A.A.,NYQ,7505311744.0,253715190.0,163305936.0,Basic Materials,Other Precious Metals & Mining,Peru,USD
BX,Blackstone Inc.,NYQ,190697209856.0,738450871.0,743419783.0,Financial Services,Asset Management,United States,USD
BXC,BlueLinx Holdings Inc.,NYQ,493670624.0,7865058.0,6668311.0,Industrials,Industrial Distribution,United States,USD
BXMT,"Blackstone Mortgage Trust, Inc.",NYQ,3398975232.0,167723732.0,158436916.0,Real Estate,REIT - Mortgage,United States,USD
BXMX,Nuveen S&P 500 Buy-Write Income Fund,NYQ,1502063488.0,104165286.0,,Financial Services,Asset Management,United States,USD
BXP,"BXP, Inc.",NYQ,12266005504.0,158468685.0,147017738.0,Real Estate,REIT - Office,United States,USD
BXSL,Blackstone Secured Lending Fund,NYQ,6298443264.0,231220381.0,,Financial Services,Asset Management,United States,USD
BY,"Byline Bancorp, Inc.",NYQ,1362646912.0,45819227.0,32860633.0,Financial Services,Banks - Regional,United States,USD
BYD,Boyd Gaming Corporation,NYQ,6943952384.0,78122443.0,54220882.0,Consumer Cyclical,Resorts & Casinos,United States,USD
BYLD,iShares Yield Optimized Bond ETF,PCX,,,,,,,USD
BYM,BlackRock Municipal Income Quality Trust,NYQ,281051264.0,25903340.0,,Financial Services,Asset Management,United States,USD
BZH,"Beazer Homes USA, Inc.",NYQ,603531776.0,29508027.0,26946940.0,Consumer Cyclical,Residential Construction,United States,USD
BZQ,ProShares UltraShort MSCI Brazil Capped,PCX,,,,,,,USD
C,Citigroup Inc.,NYQ,221680926720.0,1789266159.0,1784113072.0,Financial Services,Banks - Diversified,United States,USD
CAAA,First Trust AAA CMBS ETF,PCX,,,,,,,USD
CAAP,Corporación América Airports S.A.,NYQ,4265529344.0,163117761.0,18236549.0,Industrials,Airports & Air Services,Luxembourg,USD
CABO,"Cable One, Inc.",NYQ,658921280.0,5635177.0,4623606.0,Communication Services,Telecom Services,United States,USD
CACI,CACI International Inc,NYQ,11966539776.0,22079710.0,21789362.0,Technology,Information Technology Services,United States,USD
CADE,Cadence Bank,NYQ,8169562112.0,186307016.0,184026618.0,Financial Services,Banks - Regional,United States,USD
CAE,CAE Inc.,NYQ,10107872256.0,321548127.0,290248632.0,Industrials,Aerospace & Defense,Canada,USD
CAF,"Morgan Stanley China A Share Fund, Inc.",NYQ,303849952.0,16987857.0,,Financial Services,Asset Management,United States,USD
CAFX,Congress Intermediate Bond ETF,PCX,,,,,,,USD
CAG,"Conagra Brands, Inc.",NYQ,8247089664.0,478369475.0,474963484.0,Consumer Defensive,Packaged Foods,United States,USD
CAH,"Cardinal Health, Inc.",NYQ,49488670720.0,237595042.0,237098468.0,Healthcare,Medical Distribution,United States,USD
CAIE,Calamos US Equity Autocallable Income ETF,PCX,,,,,,,USD
CAL,"Caleres, Inc.",NYQ,450133024.0,33895562.0,32441781.0,Consumer Cyclical,Apparel Retail,United States,USD
CALX,"Calix, Inc.",NYQ,3596824064.0,66276473.0,60157829.0,Technology,Software - Infrastructure,United States,USD
CAM,AB California Intermediate Municipal ETF,PCX,,,,,,,USD
CAML,Congress Large Cap Growth ETF,PCX,,,,,,,USD
CAMX,Cambiar Aggressive Value ETF,PCX,,,,,,,USD
CANE,Teucrium Sugar Fund,PCX,,,,,,,USD
CANF,Can-Fite BioPharma Ltd.,ASE,4924070.0,17072915.0,3640135957.0,Healthcare,Biotechnology,Israel,USD
CANG,Cango Inc.,NYQ,481427008.0,346350361.0,207225698.0,Financial Services,Capital Markets,Hong Kong,USD
CAPE,DoubleLine Shiller CAPE U.S. Equities ETF,PCX,,,,,,,USD
