symbol,last,prev_close,pct_change,shortable_shares,vol_1m,vol_3m,vol_5m,vol_10m,vol_15m,vpm_1m,vpm_3m,vpm_5m,vpm_10m,vpm_15m,trades_1m,trades_3m,trades_5m,trades_10m,trades_15m,tpm_1m,tpm_3m,tpm_5m,tpm_10m,tpm_15m,vwap_5m,vwap_30m,vwap5_dist,vwap30_dist,accel,breakout_score,rsi14,macd,macd_signal,macd_hist,relvol,last_bar_time,last_close,data_status,missing_fields
LRHC,1.26,0.78,61.53846153846153,,33825.0,57307.0,75971.0,88392.0,141161.0,33825.0,19102.333333333332,15194.2,8839.2,9410.733333333334,81.0,121.0,161.0,206.0,307.0,81.0,40.333333333333336,32.2,20.6,20.466666666666665,1.1470333592204043,1.1462438552158165,0.09848592446899272,0.09924253400927965,3.826703774096883,155.18459129841398,52.75627058237007,0.0013885556287742684,-0.0002902160257110743,0.0016787716544853428,4.822257229821722,2026-01-08 19:59:00-05:00,1.15,OK,
OPAD,2.14,1.52,40.789473684210535,,61834.0,91316.0,146907.0,230514.0,313054.0,61834.0,30438.666666666668,29381.4,23051.4,20870.266666666666,96.0,185.0,306.0,503.0,686.0,96.0,61.666666666666664,61.2,50.3,45.733333333333334,2.3894022694629937,2.393328942904029,-0.10437851869917472,-0.10584794190331537,2.6824401120972396,126.74225439045013,53.23039906427548,0.0030721350063376285,0.004063811480980101,-0.0009916764746424724,3.7026125592062327,2026-01-08 19:59:00-05:00,2.4,OK,
SXTC,1.74,1.25,39.2,,28331.0,43338.0,54433.0,69914.0,176243.0,28331.0,14446.0,10886.6,6991.4,11749.533333333333,44.0,71.0,88.0,123.0,269.0,44.0,23.666666666666668,17.6,12.3,17.933333333333334,1.3964094979148678,1.4168200725555986,0.2460528251907373,0.22810230720508035,4.052264210315094,136.85094217413365,52.10562833790149,-0.012636449883559386,-0.01439231040795446,0.001755860524395074,2.8104338509917515,2026-01-08 19:59:00-05:00,1.42,OK,
CETX,4.04,2.9,39.31034482758621,,36776.0,65946.0,91262.0,131367.0,282255.0,36776.0,21982.0,18252.4,13136.7,18817.0,60.0,125.0,201.0,293.0,595.0,60.0,41.666666666666664,40.2,29.3,39.666666666666664,4.089022409473092,4.073539466259941,-0.011988784742172338,-0.008233494860609473,2.7994854111000627,110.20008363539,55.24824672072648,0.008186241519423376,0.0042500379597401276,0.003936203559683249,2.2367380700409933,2026-01-08 19:59:00-05:00,4.0903,OK,
OPEX,20.23,16.33,23.88242498469077,,0.0,0.0,4538.0,11414.0,11679.0,0.0,0.0,907.6,1141.4,778.6,0.0,0.0,20.0,41.0,43.0,0.0,0.0,4.0,4.1,2.8666666666666667,20.533333333333335,20.50577246910409,-0.014772727272727331,-0.013448528677453879,8.761170492370106e-13,0.0,73.37620111933956,0.04338060629701701,0.01027457667192178,0.033106029625095235,0.0,2026-01-08 19:59:00-05:00,20.54,OK,
WHLR,2.26,1.83,23.497267759562828,,22857.0,27815.0,36417.0,55513.0,62216.0,22857.0,9271.666666666666,7283.4,5551.3,4147.733333333334,50.0,81.0,108.0,161.0,175.0,50.0,27.0,21.6,16.1,11.666666666666666,2.217742651325846,2.2462209163720277,0.01905421652457773,0.0061343403614223775,4.117413939076771,186.357704058068,26.40076402206438,-0.013939415130621136,-0.006881337073014099,-0.007058078057607037,9.093874952754183,2026-01-08 19:59:00-05:00,2.1501,OK,
FEED,3.07,2.5,22.799999999999994,,6854.0,10936.0,11286.0,12178.0,15009.0,6854.0,3645.3333333333335,2257.2,1217.8,1000.6,12.0,21.0,22.0,28.0,35.0,12.0,7.0,4.4,2.8,2.3333333333333335,3.0149606296887,2.9662962146982044,0.018255419248039268,0.0349606977172192,5.628181967478546,208.9787268630011,71.62531398488947,0.015503589361448356,0.01196418820518115,0.003539401156267205,10.609085984056962,2026-01-08 19:59:00-05:00,3.02,OK,
LDI,2.99,2.44,22.54098360655739,,500.0,25289.0,36319.0,68480.0,85478.0,500.0,8429.666666666666,7263.8,6848.0,5698.533333333334,1.0,19.0,32.0,47.0,74.0,1.0,6.333333333333333,6.4,4.7,4.933333333333334,2.8675852602402783,2.8473312836565725,0.04268913690449946,0.05010611766966963,0.07301401869172415,5.1124322187804685,72.82611053394083,0.010452991200056161,0.00782180142492905,0.002631189775127111,0.10765885063411063,2026-01-08 19:59:00-05:00,2.89,OK,
ZCMD,0.6436,0.5288,21.709531013615713,,0.0,200.0,200.0,349.0,349.0,0.0,66.66666666666667,40.0,34.9,23.266666666666666,0.0,1.0,1.0,2.0,2.0,0.0,0.3333333333333333,0.2,0.2,0.13333333333333333,0.6,0.604269340974212,0.07266666666666663,0.06508796054815298,2.8653295128118824e-11,0.0,0.6879192678746193,-0.004377044828294596,-0.0029914949746509428,-0.0013855498536436534,0.0,2026-01-08 19:59:00-05:00,0.6,OK,
RENX,0.2319,0.1938,19.659442724458202,,115381.0,153401.0,242774.0,338846.0,458448.0,115381.0,51133.666666666664,48554.8,33884.6,30563.2,48.0,98.0,146.0,205.0,333.0,48.0,32.666666666666664,29.2,20.5,22.2,0.2612183950230804,0.2597622941898102,-0.11223709961348605,-0.10726073342057489,3.40511618847493,150.54019879717856,61.16930776935836,0.002001909786230327,0.0023885097150353777,-0.0003865999288050507,4.96270903585438,2026-01-08 19:59:00-05:00,0.2629,OK,
MKZR,5.73,4.8,19.375000000000014,,5577.0,7460.0,8607.0,12135.0,12979.0,5577.0,2486.6666666666665,1721.4,1213.5,865.2666666666667,6.0,10.0,14.0,18.0,22.0,6.0,3.3333333333333335,2.8,1.8,1.4666666666666666,6.111771813640061,6.075722106646228,-0.06246499792221207,-0.05690222504877933,4.595797280590363,203.43072901234484,72.10874094141947,0.004885372459281001,-0.00980879176561992,0.014694164224900922,11.723775488753416,2026-01-08 19:59:00-05:00,6.15,OK,
FTHM,1.55,1.3,19.23076923076923,,0.0,100.0,100.0,1990.0,1990.0,0.0,33.333333333333336,20.0,199.0,132.66666666666666,0.0,1.0,1.0,4.0,4.0,0.0,0.3333333333333333,0.2,0.4,0.26666666666666666,1.409,1.4230567685589521,0.1000709723207949,0.08920461519577749,5.025125628115452e-12,0.0,38.616516720082664,-0.0020612500918104626,0.0004378931255082857,-0.002499143217318748,0.0,2026-01-08 19:59:00-05:00,1.409,OK,
TDIC,0.23,0.1963,17.167600611309226,,0.0,0.0,0.0,0.0,0.0,0.0,0.0,0.0,0.0,0.0,0.0,0.0,0.0,0.0,0.0,0.0,0.0,0.0,0.0,0.0,,,,,1.0,,,2.3761020928603216e-11,3.49427262520864e-11,-1.1181705323483185e-11,,2026-01-08 19:59:00-05:00,0.198,PARTIAL,"breakout_score,relvol,rsi14,vwap30_dist,vwap5_dist,vwap_30m,vwap_5m"
UAVS,2.02,1.74,16.09195402298851,,11959.0,28949.0,29939.0,31305.0,44178.0,11959.0,9649.666666666666,5987.8,3130.5,2945.2,13.0,25.0,30.0,36.0,51.0,13.0,8.333333333333334,6.0,3.6,3.4,1.7829340882015654,1.7718991299246856,0.13296392355006323,0.14001974823807264,3.8201565245159497,161.78330773582115,61.51130126683809,0.0011964681976708302,-0.0017516081628579686,0.0029480763605287987,5.655041967135595,2026-01-08 19:59:00-05:00,1.79,OK,
SXTP,0.592,0.5125,15.512195121951224,,0.0,0.0,0.0,0.0,0.0,0.0,0.0,0.0,0.0,0.0,0.0,0.0,0.0,0.0,0.0,0.0,0.0,0.0,0.0,0.0,,,,,1.0,,0.0,-1.9133745698951543e-09,-2.813786310935996e-09,9.004117410408419e-10,,2026-01-08 19:59:00-05:00,0.5,PARTIAL,"breakout_score,relvol,vwap30_dist,vwap5_dist,vwap_30m,vwap_5m"
OSCX,14.53,12.58,15.500794912559613,,0.0,800.0,800.0,800.0,800.0,0.0,266.6666666666667,160.0,80.0,53.333333333333336,0.0,1.0,1.0,1.0,1.0,0.0,0.3333333333333333,0.2,0.1,0.06666666666666667,14.199999999999998,14.199999999999998,0.023239436619718445,0.023239436619718445,1.249999999984375e-11,0.0,97.89682447063821,0.014761985177605297,0.017194487543785605,-0.002432502366180308,0.0,2026-01-08 19:59:00-05:00,14.2,OK,
KALV,18.17,15.82,14.854614412136543,,0.0,650.0,650.0,650.0,1191.0,0.0,216.66666666666666,130.0,65.0,79.4,0.0,1.0,1.0,1.0,4.0,0.0,0.3333333333333333,0.2,0.1,0.26666666666666666,18.04,18.044450651769086,0.007206208425720763,0.0069577816833457685,1.53846153843787e-11,0.0,64.04821171379808,0.006400395048718366,0.00873271485314575,-0.0023323198044273834,0.0,2026-01-08 19:59:00-05:00,18.04,OK,
NTCL,0.5789,0.5044,14.77002379064235,,0.0,0.0,0.0,0.0,0.0,0.0,0.0,0.0,0.0,0.0,0.0,0.0,0.0,0.0,0.0,0.0,0.0,0.0,0.0,0.0,,,,,1.0,,98.06951870415132,2.607801178333702e-06,3.834623649070721e-06,-1.2268224707370189e-06,,2026-01-08 19:59:00-05:00,0.5144,PARTIAL,"breakout_score,relvol,vwap30_dist,vwap5_dist,vwap_30m,vwap_5m"
CRE,0.3443,0.3,14.76666666666667,,0.0,0.0,0.0,0.0,0.0,0.0,0.0,0.0,0.0,0.0,0.0,0.0,0.0,0.0,0.0,0.0,0.0,0.0,0.0,0.0,,,,,1.0,,,0.0,0.0,0.0,,2026-01-08 19:59:00-05:00,0.3,PARTIAL,"breakout_score,relvol,rsi14,vwap30_dist,vwap5_dist,vwap_30m,vwap_5m"
AIRE,0.5203,0.454,14.603524229074882,,47081.0,121591.0,173638.0,243329.0,356784.0,47081.0,40530.333333333336,34727.6,24332.9,23785.6,33.0,98.0,126.0,194.0,287.0,33.0,32.666666666666664,25.2,19.4,19.133333333333333,0.5286923434578453,0.5296183905078151,-0.015873775290476653,-0.017594537264614928,1.934870073028659,93.50701615165471,43.768329226736554,-0.001507519890421971,-0.0013495057645414852,-0.00015801412588048588,2.353820502501006,2026-01-08 19:59:00-05:00,0.5251,OK,
BLNE,2.0,1.755,13.960113960113969,,500.0,2050.0,5617.0,6102.0,13134.0,500.0,683.3333333333334,1123.4,610.2,875.6,1.0,7.0,17.0,21.0,27.0,1.0,2.3333333333333335,3.4,2.1,1.8,2.0892496825114235,2.0591296328992863,-0.042718533480469015,-0.02871583797083764,0.8194034742710268,27.979718010289844,63.529881374940004,0.01161321318893771,0.007361097884891848,0.004252115304045862,0.7499625018749062,2026-01-08 19:59:00-05:00,2.09,OK,
CUPR,0.5334,0.4693,13.65864052844662,,0.0,0.0,0.0,0.0,100.0,0.0,0.0,0.0,0.0,6.666666666666667,0.0,0.0,0.0,0.0,1.0,0.0,0.0,0.0,0.0,0.06666666666666667,,0.4736,,0.1262668918918918,1.0,0.0,99.92123653454225,0.010166655713208239,0.008914224698597772,0.0012524310146104674,0.0,2026-01-08 19:59:00-05:00,0.4736,PARTIAL,"vwap5_dist,vwap_5m"
CGTL,2.87,2.53,13.438735177865627,,8734.0,16488.0,31800.0,54400.0,66847.0,8734.0,5496.0,6360.0,5440.0,4456.466666666666,18.0,40.0,66.0,109.0,136.0,18.0,13.333333333333334,13.2,10.9,9.066666666666666,3.09026498951782,3.04560788095436,-0.07127705561334023,-0.057659386177885824,1.6055147058822417,91.30943647132527,64.18227504752957,0.03499620014261273,0.03188778255504725,0.0031084175875654846,2.868026138639871,2026-01-08 19:59:00-05:00,3.13,OK,
JTAI,0.8189,0.7244,13.045278851463268,,5200.0,33035.0,52096.0,77174.0,96967.0,5200.0,11011.666666666666,10419.2,7717.4,6464.466666666666,13.0,37.0,76.0,112.0,149.0,13.0,12.333333333333334,15.2,11.2,9.933333333333334,0.6735593302108928,0.6835977386012896,0.21578005569843528,0.1979267246781017,0.6738020576878646,30.461298197479113,38.51795771110231,-0.005033527969242613,-0.0039744991945756605,-0.0010590287746669522,0.8390073897189325,2026-01-08 19:59:00-05:00,0.6751,OK,
RVMD,121.28,107.39,12.934165192289784,,100.0,313.0,1590.0,3311.0,4132.0,100.0,104.33333333333333,318.0,331.1,275.46666666666664,1.0,3.0,9.0,18.0,20.0,1.0,1.0,1.8,1.8,1.3333333333333333,123.74723060796644,124.5424105826674,-0.019937663217552522,-0.02619517775032877,0.30202355783961937,12.59914387518285,30.893256806860734,-0.2652710876935913,-0.22504785326266097,-0.040223234430930344,0.2865740077374982,2026-01-08 19:59:00-05:00,123.65,OK,
ZNTL,3.18,2.84,11.971830985915505,,0.0,0.0,0.0,502.0,1102.0,0.0,0.0,0.0,50.2,73.46666666666667,0.0,0.0,0.0,3.0,5.0,0.0,0.0,0.0,0.3,0.3333333333333333,,3.086190476190476,,0.030396543743249564,1.9920318724702783e-11,0.0,23.3635275080957,-0.020518447712483123,-0.018769929155863733,-0.0017485185566193905,0.0,2026-01-08 19:59:00-05:00,3.0707,PARTIAL,"vwap5_dist,vwap_5m"
DDD,2.86,2.56,11.718749999999993,,34947.0,86200.0,133898.0,170316.0,172775.0,34947.0,28733.333333333332,26779.6,17031.6,11518.333333333334,13.0,48.0,97.0,140.0,150.0,13.0,16.0,19.4,14.0,10.0,2.9119774417840443,2.8784371742412858,-0.017849534490967774,-0.006405272418754685,2.0518917776368015,117.46106587034005,79.47406722544113,0.029214269895919465,0.022764475719088108,0.006449794176831357,4.106218605880798,2026-01-08 19:59:00-05:00,2.91,OK,
LIMN,0.9147,0.8201,11.535178636751603,,0.0,0.0,0.0,0.0,0.0,0.0,0.0,0.0,0.0,0.0,0.0,0.0,0.0,0.0,0.0,0.0,0.0,0.0,0.0,0.0,,,,,1.0,,40.17215816926476,-4.715071092675771e-06,-7.404918342681872e-06,2.6898472500061013e-06,,2026-01-08 19:59:00-05:00,0.8161,PARTIAL,"breakout_score,relvol,vwap30_dist,vwap5_dist,vwap_30m,vwap_5m"
OPEN,7.18,6.43,11.66407465007776,,55567.0,105547.0,157741.0,232614.0,303157.0,55567.0,35182.333333333336,31548.2,23261.4,20210.466666666667,55.0,120.0,190.0,353.0,451.0,55.0,40.0,38.0,35.3,30.066666666666666,7.223059839018814,7.219242807859247,-0.0059614401622710665,-0.005435862029259625,2.388807208508456,116.08811832225821,50.28553708854026,0.0019836678122695517,0.002716404886400508,-0.0007327370741309564,3.2672440657835167,2026-01-08 19:59:00-05:00,7.22,OK,
OSG,7.41,6.7,10.597014925373134,,0.0,0.0,0.0,0.0,0.0,0.0,0.0,0.0,0.0,0.0,0.0,0.0,0.0,0.0,0.0,0.0,0.0,0.0,0.0,0.0,,,,,1.0,,,0.0,0.0,0.0,,2026-01-08 19:59:00-05:00,6.7,PARTIAL,"breakout_score,relvol,rsi14,vwap30_dist,vwap5_dist,vwap_30m,vwap_5m"
BETR,41.4,37.44,10.57692307692308,,0.0,0.0,5421.0,6466.0,6466.0,0.0,0.0,1084.2,646.6,431.06666666666666,0.0,0.0,7.0,8.0,8.0,0.0,0.0,1.4,0.8,0.5333333333333333,41.41266986410871,41.393189812860555,-0.00030594173595384377,0.00016452433770463816,1.5465511908420251e-12,0.0,71.31272409887093,0.164352831405715,0.15200776748571077,0.012345063920004229,0.0,2026-01-08 19:59:00-05:00,41.6,OK,
SRXH,0.2202,0.1991,10.59768960321447,,12674.0,253051.0,301533.0,392155.0,477729.0,12674.0,84350.33333333333,60306.6,39215.5,31848.6,5.0,80.0,139.0,158.0,180.0,5.0,26.666666666666668,27.8,15.8,12.0,0.20866388101247074,0.20673389393403463,0.055285653327035604,0.06513738898693694,0.32318853514555923,20.84776309152568,60.01847297605766,0.001429108468770618,0.001051384091717426,0.0003777243770531919,0.5173346286428028,2026-01-08 19:59:00-05:00,0.2068,OK,
ONDL,56.2,51.01,10.174475593020986,,0.0,0.0,0.0,0.0,0.0,0.0,0.0,0.0,0.0,0.0,0.0,0.0,0.0,0.0,0.0,0.0,0.0,0.0,0.0,0.0,,52.32,,0.07415902140672788,1.0,0.0,99.93326991725813,0.20578282477882226,0.24708346160663824,-0.041300636827815984,0.0,2026-01-08 19:59:00-05:00,52.32,PARTIAL,"vwap5_dist,vwap_5m"
TDTH,0.4729,0.4306,9.82350209010683,,0.0,0.0,0.0,0.0,0.0,0.0,0.0,0.0,0.0,0.0,0.0,0.0,0.0,0.0,0.0,0.0,0.0,0.0,0.0,0.0,,,,,1.0,,99.91651713725535,3.987441389130542e-06,5.860483614947459e-06,-1.8730422258169174e-06,,2026-01-08 19:59:00-05:00,0.45,PARTIAL,"breakout_score,relvol,vwap30_dist,vwap5_dist,vwap_30m,vwap_5m"
MYND,0.48,0.4377,9.664153529814943,,0.0,0.0,0.0,0.0,0.0,0.0,0.0,0.0,0.0,0.0,0.0,0.0,0.0,0.0,0.0,0.0,0.0,0.0,0.0,0.0,,,,,1.0,,99.92560437504632,1.4288699945574912e-05,2.1010564373981272e-05,-6.72186442840636e-06,,2026-01-08 19:59:00-05:00,0.4699,PARTIAL,"breakout_score,relvol,vwap30_dist,vwap5_dist,vwap_30m,vwap_5m"
INVZ,1.25,1.14,9.649122807017553,,0.0,0.0,0.0,0.0,0.0,0.0,0.0,0.0,0.0,0.0,0.0,0.0,0.0,0.0,0.0,0.0,0.0,0.0,0.0,0.0,,1.16,,0.0775862068965518,1.0,0.0,76.56972788332466,0.0012519704186326752,0.0012934287946563014,-4.145837602362616e-05,0.0,2026-01-08 19:59:00-05:00,1.16,PARTIAL,"vwap5_dist,vwap_5m"
KIDZ,0.217,0.1981,9.540636042402827,,10000.0,10000.0,10000.0,10000.0,10000.0,10000.0,3333.3333333333335,2000.0,1000.0,666.6666666666666,3.0,3.0,3.0,3.0,3.0,3.0,1.0,0.6,0.3,0.2,0.19456666666666667,0.19456666666666667,0.1152989549426075,0.1152989549426075,9.999999999991001,,0.08395437280721296,-0.0005003040653313584,-9.716899749280669e-05,-0.0004031350678385517,,2026-01-08 19:59:00-05:00,0.1926,PARTIAL,"breakout_score,relvol"
MSN,0.4518,0.4125,9.52727272727273,,0.0,0.0,0.0,0.0,0.0,0.0,0.0,0.0,0.0,0.0,0.0,0.0,0.0,0.0,0.0,0.0,0.0,0.0,0.0,0.0,,,,,1.0,,,0.0,0.0,0.0,,2026-01-08 19:59:00-05:00,0.4125,PARTIAL,"breakout_score,relvol,rsi14,vwap30_dist,vwap5_dist,vwap_30m,vwap_5m"
KUST,3.11,2.84,9.507042253521128,,1080.0,8645.0,8845.0,14960.0,15511.0,1080.0,2881.6666666666665,1769.0,1496.0,1034.0666666666666,3.0,25.0,27.0,37.0,41.0,3.0,8.333333333333334,5.4,3.7,2.7333333333333334,2.988027133973997,2.953647404793413,0.04082053494065236,0.052935429920594225,0.7219251336900254,43.39428128348293,53.37572281593821,0.01695585859665316,0.015622520548048302,0.0013333380486048596,1.3818693621649287,2026-01-08 19:59:00-05:00,2.96,OK,
EHGO,0.2546,0.2325,9.505376344086013,,0.0,0.0,0.0,0.0,0.0,0.0,0.0,0.0,0.0,0.0,0.0,0.0,0.0,0.0,0.0,0.0,0.0,0.0,0.0,0.0,,,,,1.0,,,1.3176765660261047e-06,1.937554115836324e-06,-6.198775498102192e-07,,2026-01-08 19:59:00-05:00,0.2371,PARTIAL,"breakout_score,relvol,rsi14,vwap30_dist,vwap5_dist,vwap_30m,vwap_5m"
UWMC,5.15,4.71,9.341825902335465,,300.0,300.0,400.0,400.0,400.0,300.0,100.0,80.0,40.0,26.666666666666668,1.0,1.0,2.0,2.0,2.0,1.0,0.3333333333333333,0.4,0.2,0.13333333333333333,5.0475,5.017703490808934,0.020307082714214962,0.02636594797468554,7.499999999837501,205.08353011462535,64.63033723103251,0.004274853389300226,0.00566736288484867,-0.0013925094955484435,7.0588235294117645,2026-01-08 19:59:00-05:00,5.05,OK,
AGAE,0.403,0.3707,8.713245211761548,,0.0,0.0,0.0,0.0,0.0,0.0,0.0,0.0,0.0,0.0,0.0,0.0,0.0,0.0,0.0,0.0,0.0,0.0,0.0,0.0,,,,,1.0,,99.99425078286495,5.307497797368832e-07,7.801336242756217e-07,-2.493838445387385e-07,,2026-01-08 19:59:00-05:00,0.3754,PARTIAL,"breakout_score,relvol,vwap30_dist,vwap5_dist,vwap_30m,vwap_5m"
PCLA,0.299,0.2755,8.529945553539006,,0.0,433.0,433.0,533.0,533.0,0.0,144.33333333333334,86.6,53.3,35.53333333333333,0.0,1.0,1.0,2.0,2.0,0.0,0.3333333333333333,0.2,0.2,0.13333333333333333,0.28,0.28003752345215766,0.06785714285714271,0.06771405600964733,1.876172607844725e-11,0.0,39.99195429934826,2.5667345739610603e-05,4.3445695004666734e-05,-1.777834926505613e-05,0.0,2026-01-08 19:59:00-05:00,0.28,OK,
IFRX,1.18,1.09,8.256880733944941,,0.0,0.0,0.0,0.0,0.0,0.0,0.0,0.0,0.0,0.0,0.0,0.0,0.0,0.0,0.0,0.0,0.0,0.0,0.0,0.0,,1.083971458998935,,0.08858954744966138,1.0,0.0,75.77163965280747,0.0022185108783217,0.002551341555691433,-0.0003328306773697329,0.0,2026-01-08 19:59:00-05:00,1.1,PARTIAL,"vwap5_dist,vwap_5m"
MESO,21.5,19.87,8.203321590337186,,0.0,0.0,0.0,500.0,715.0,0.0,0.0,0.0,50.0,47.666666666666664,0.0,0.0,0.0,1.0,2.0,0.0,0.0,0.0,0.1,0.13333333333333333,,21.795515695067266,,-0.013558554851452617,1.9999999999600002e-11,0.0,67.40211403677584,0.008517481251416825,0.012739918043465855,-0.00422243679204903,0.0,2026-01-08 19:59:00-05:00,21.79,PARTIAL,"vwap5_dist,vwap_5m"
ICON,3.48,3.22,8.074534161490677,,1107.0,1525.0,1660.0,4778.0,9501.0,1107.0,508.3333333333333,332.0,477.8,633.4,4.0,5.0,6.0,21.0,36.0,4.0,1.6666666666666667,1.2,2.1,2.4,3.564813253012048,3.6677685413245755,-0.023791780099668963,-0.05119421774002264,2.3168689828352513,97.61899127944037,38.15665735024169,-0.03263502951278907,-0.031071637291746747,-0.0015633922210423236,2.040929203539823,2026-01-08 19:59:00-05:00,3.54,OK,
HUBC,0.3565,0.33,8.030303030303019,,0.0,200.0,200.0,200.0,200.0,0.0,66.66666666666667,40.0,20.0,13.333333333333334,0.0,1.0,1.0,1.0,1.0,0.0,0.3333333333333333,0.2,0.1,0.06666666666666667,0.34260000000000007,0.33668567084758644,0.04057209573847025,0.0588511209952361,4.9999999997500004e-11,0.0,83.62516994076886,0.0006104123384363391,-0.0005045100087513583,0.0011149223471876974,0.0,2026-01-08 19:59:00-05:00,0.3426,OK,
RKT,22.9,21.24,7.815442561205274,,3669.0,19952.0,23324.0,41144.0,57884.0,3669.0,6650.666666666667,4664.8,4114.4,3858.9333333333334,4.0,28.0,34.0,48.0,68.0,4.0,9.333333333333334,6.8,4.8,4.533333333333333,22.751711684673868,22.749766471341342,0.006517677323856969,0.006603739376749681,0.8917460626093983,34.87304140116685,55.5113935540947,0.017817053923149473,0.022760980266953567,-0.004943926343804094,1.008645929265577,2026-01-08 19:59:00-05:00,22.75,OK,
SLAI,1.11,1.03,7.766990291262142,,0.0,0.0,0.0,2558.0,2758.0,0.0,0.0,0.0,255.8,183.86666666666667,0.0,0.0,0.0,1.0,2.0,0.0,0.0,0.0,0.1,0.13333333333333333,,1.0718753894080997,,0.03556813690157884,3.90930414384711e-12,0.0,96.26584822388749,0.014946302123024502,0.012459172531037146,0.002487129591987356,0.0,2026-01-08 19:59:00-05:00,1.08,PARTIAL,"vwap5_dist,vwap_5m"
OSCR,18.0,16.9,6.50887573964498,,2400.0,8715.0,24097.0,36301.0,40124.0,2400.0,2905.0,4819.4,3630.1,2674.9333333333334,5.0,10.0,26.0,40.0,51.0,5.0,3.3333333333333335,5.2,4.0,3.4,18.001803267350017,17.975119522245347,-0.0001001714841138813,0.0013841620203894622,0.6611388116030795,28.849359028982963,52.93981064439266,0.0038266137668188094,-0.005844898397675832,0.00967151216449464,0.7806655173535438,2026-01-08 19:59:00-05:00,18.0,OK,
